-0.830,-0.860,-70.220
-0.830,-0.860,-70.220
-0.830,-0.860,-70.220
-0.830,-0.860,-70.220
-0.830,-0.860,-70.210
-0.830,-0.860,-70.210
-0.830,-0.860,-70.210
-0.840,-0.860,-70.220
-0.840,-0.860,-70.220
-0.830,-0.860,-70.220
-0.830,-0.860,-70.220
-0.830,-0.860,-70.220
-0.830,-0.860,-70.220
-0.840,-0.860,-70.220
-0.840,-0.860,-70.210
-0.840,-0.860,-70.210
-0.840,-0.860,-70.210
-0.840,-0.860,-70.210
-0.840,-0.860,-70.210
-0.840,-0.860,-70.210
-0.840,-0.860,-70.210
-0.840,-0.860,-70.210
-0.840,-0.860,-70.210
-0.840,-0.860,-70.210
-0.840,-0.870,-70.220
-0.840,-0.870,-70.220
-0.840,-0.870,-70.220
-0.840,-0.870,-70.220
-0.840,-0.870,-70.220
-0.840,-0.870,-70.220
-0.840,-0.870,-70.220
-0.840,-0.870,-70.220
-0.840,-0.870,-70.220
-0.840,-0.870,-70.220
-0.840,-0.870,-70.220
-0.840,-0.870,-70.220
-0.840,-0.870,-70.220
-0.840,-0.870,-70.220
-0.840,-0.880,-70.210
-0.840,-0.880,-70.210
-0.840,-0.880,-70.210
-0.850,-0.880,-70.210
-0.850,-0.880,-70.210
-0.840,-0.880,-70.210
-0.840,-0.880,-70.210
-0.840,-0.880,-70.210
-0.840,-0.880,-70.210
-0.840,-0.880,-70.210
-0.840,-0.880,-70.210
-0.840,-0.880,-70.210
-0.840,-0.880,-70.210
-0.840,-0.880,-70.210
-0.840,-0.880,-70.210
-0.840,-0.880,-70.210
-0.840,-0.880,-70.210
-0.840,-0.890,-70.210
-0.840,-0.890,-70.210
-0.840,-0.890,-70.210
-0.840,-0.890,-70.220
-0.830,-0.890,-70.220
-0.830,-0.890,-70.220
-0.830,-0.890,-70.220
-0.830,-0.890,-70.220
-0.830,-0.890,-70.220
-0.830,-0.880,-70.220
-0.830,-0.880,-70.210
-0.830,-0.880,-70.210
-0.830,-0.880,-70.210
-0.830,-0.880,-70.210
-0.830,-0.890,-70.210
-0.830,-0.890,-70.220
-0.830,-0.890,-70.220
-0.830,-0.890,-70.220
-0.830,-0.890,-70.220
-0.830,-0.890,-70.220
-0.830,-0.890,-70.220
-0.830,-0.890,-70.220
-0.830,-0.890,-70.220
-0.830,-0.890,-70.220
-0.830,-0.890,-70.220
-0.840,-0.890,-70.220
-0.840,-0.890,-70.220
-0.840,-0.890,-70.220
-0.840,-0.890,-70.220
-0.840,-0.890,-70.220
-0.840,-0.890,-70.220
-0.830,-0.880,-70.210
-0.830,-0.880,-70.210
-0.840,-0.890,-70.210
-0.840,-0.890,-70.210
-0.850,-0.900,-70.220
-0.850,-0.900,-70.220
-0.850,-0.920,-70.220
-0.850,-0.920,-70.220
-0.850,-0.920,-70.220
-0.890,-0.920,-70.220
-0.890,-0.920,-70.220
-0.890,-0.920,-70.220
-0.890,-0.920,-70.220
-0.830,-0.920,-70.240
-0.830,-0.920,-70.270
-0.830,-0.920,-70.270
-0.840,-0.920,-70.290
-0.840,-0.920,-70.290
-0.840,-0.920,-70.290
-0.880,-0.910,-70.310
-0.880,-0.910,-70.310
-0.910,-0.910,-70.330
-0.910,-0.910,-70.330
-0.910,-0.910,-70.330
-0.970,-0.890,-70.300
-0.970,-0.890,-70.300
-0.960,-0.880,-70.280
-0.950,-0.870,-70.250
-0.950,-0.870,-70.250
-0.950,-0.870,-70.250
-0.980,-0.850,-70.130
-1.000,-0.850,-70.090
-1.000,-0.850,-70.090
-1.020,-0.840,-70.020
-1.020,-0.840,-70.020
-1.020,-0.840,-70.020
-1.020,-0.840,-70.020
-1.020,-0.840,-70.020
-1.380,-0.500,-68.950
-1.380,-0.500,-68.950
-1.380,-0.500,-68.950
-1.380,-0.500,-68.950
-1.620,1.370,-68.270
-1.620,1.370,-68.270
-1.500,4.160,-67.790
-1.440,5.920,-67.200
-1.340,7.800,-66.410
-1.340,7.800,-66.410
-1.090,9.640,-65.660
-1.090,9.640,-65.660
-1.090,9.640,-65.660
2.250,15.370,-62.180
2.250,15.370,-62.180
3.380,16.460,-61.060
4.580,17.420,-59.920
5.840,18.220,-58.790
7.220,18.850,-57.670
7.220,18.850,-57.670
10.380,19.600,-55.630
10.380,19.600,-55.630
10.380,19.600,-55.630
13.850,19.270,-53.680
13.850,19.270,-53.680
16.990,17.870,-52.080
18.330,16.910,-51.460
18.330,16.910,-51.460
18.330,16.910,-51.460
18.330,16.910,-51.460
20.810,12.890,-50.200
21.250,11.240,-50.100
21.250,11.240,-50.100
21.250,11.240,-50.100
21.800,7.450,-50.360
21.800,7.450,-50.360
21.870,5.350,-50.640
21.870,5.350,-50.640
21.520,1.250,-51.380
21.520,1.250,-51.380
21.070,-0.600,-51.860
21.070,-0.600,-51.860
21.070,-0.600,-51.860
21.070,-0.600,-51.860
17.980,-5.130,-53.700
17.980,-5.130,-53.700
17.980,-5.130,-53.700
17.980,-5.130,-53.700
17.980,-5.130,-53.700
17.980,-5.130,-53.700
8.600,-8.100,-56.270
8.600,-8.100,-56.270
8.600,-8.100,-56.270
8.600,-8.100,-56.270
8.600,-8.100,-56.270
-0.010,-5.090,-58.940
-0.010,-5.090,-58.940
-0.010,-5.090,-58.940
-0.010,-5.090,-58.940
-3.920,-0.850,-59.970
-4.450,0.350,-60.160
-4.450,0.350,-60.160
-4.790,3.010,-60.330
-4.550,4.430,-60.240
-4.000,5.900,-60.040
-4.000,5.900,-60.040
-4.000,5.900,-60.040
-4.000,5.900,-60.040
-4.000,5.900,-60.040
-4.000,5.900,-60.040
-4.000,5.900,-60.040
7.020,14.610,-56.450
7.020,14.610,-56.450
8.650,14.880,-55.590
10.150,14.890,-54.870
11.460,14.600,-54.370
11.460,14.600,-54.370
12.540,14.000,-54.020
13.460,13.050,-53.660
14.320,11.700,-53.370
14.320,11.700,-53.370
15.320,10.080,-53.330
15.320,10.080,-53.330
17.790,6.290,-53.950
17.790,6.290,-53.950
18.880,4.290,-54.250
18.880,4.290,-54.250
18.880,4.290,-54.250
21.120,-0.940,-55.180
21.120,-0.940,-55.180
21.120,-0.940,-55.180
21.120,-0.940,-55.180
23.140,-6.450,-58.870
23.250,-7.650,-60.080
23.070,-8.750,-61.300
22.570,-9.750,-62.480
22.570,-9.750,-62.480
20.650,-11.570,-64.650
19.430,-12.430,-65.680
19.430,-12.430,-65.680
18.140,-13.300,-66.630
18.140,-13.300,-66.630
18.140,-13.300,-66.630
15.640,-15.040,-68.330
15.640,-15.040,-68.330
13.200,-16.760,-69.650
13.200,-16.760,-69.650
13.200,-16.760,-69.650
10.730,-18.490,-70.390
10.730,-18.490,-70.390
10.730,-18.490,-70.390
8.250,-20.200,-70.790
6.980,-20.970,-70.860
4.140,-22.370,-70.600
4.140,-22.370,-70.600
0.870,-23.160,-69.910
-5.780,-22.320,-67.730
-5.780,-22.320,-67.730
-8.100,-20.460,-66.780
-8.990,-19.060,-66.270
-9.720,-13.440,-64.670
-8.370,-8.880,-63.430
-4.300,-2.120,-60.430
-4.300,-2.120,-60.430
-4.300,-2.120,-60.430
3.490,3.920,-54.670
5.520,4.740,-53.160
7.600,5.330,-51.800
7.600,5.330,-51.800
13.440,5.670,-48.900
13.440,5.670,-48.900
16.210,4.320,-48.860
16.210,4.320,-48.860
12.790,1.790,-50.840
12.790,1.790,-50.840
5.570,0.570,-53.740
3.000,0.510,-54.620
3.000,0.510,-54.620
3.000,0.510,-54.620
3.000,0.510,-54.620
3.000,0.510,-54.620
-4.830,6.580,-54.810
-3.640,8.380,-54.040
-1.760,10.210,-53.080
0.610,11.890,-52.040
3.200,13.340,-51.070
3.200,13.340,-51.070
9.920,15.710,-48.730
11.370,15.590,-48.600
12.350,14.980,-49.000
12.860,13.850,-49.780
11.880,10.410,-51.650
10.370,8.590,-52.570
10.370,8.590,-52.570
3.760,4.730,-55.310
1.730,3.980,-56.120
0.150,3.420,-56.770
-0.830,3.030,-57.300
-1.210,2.750,-57.660
-1.090,2.570,-57.890
-1.090,2.570,-57.890
-1.090,2.570,-57.890
-1.090,2.570,-57.890
-1.090,2.570,-57.890
2.500,2.890,-58.010
2.500,2.890,-58.010
2.580,2.770,-58.120
2.580,2.770,-58.120
2.580,2.770,-58.120
1.670,3.270,-58.500
1.670,3.270,-58.500
0.840,4.720,-58.510
0.840,4.720,-58.510
0.250,6.310,-58.330
0.250,6.310,-58.330
0.250,6.310,-58.330
0.000,8.260,-57.770
0.110,9.320,-57.370
0.790,11.710,-56.410
0.790,11.710,-56.410
1.310,13.000,-55.790
1.310,13.000,-55.790
1.310,13.000,-55.790
2.580,15.530,-54.470
3.330,16.670,-53.870
4.130,17.660,-53.370
4.130,17.660,-53.370
4.940,18.460,-52.960
4.940,18.460,-52.960
4.940,18.460,-52.960
6.260,19.420,-52.510
6.710,19.480,-52.410
6.710,19.480,-52.410
6.710,19.480,-52.410
6.710,19.480,-52.410
6.710,19.480,-52.410
6.710,19.480,-52.410
6.860,15.310,-53.180
6.860,15.310,-53.180
6.840,14.410,-53.410
6.820,13.590,-53.590
6.820,13.590,-53.590
6.770,12.910,-53.680
6.770,12.910,-53.680
6.770,12.910,-53.680
6.770,12.910,-53.680
6.710,11.880,-53.690
6.860,11.950,-53.710
7.100,12.200,-53.650
7.100,12.200,-53.650
7.870,13.100,-53.410
8.460,13.600,-53.310
9.170,14.030,-53.270
9.170,14.030,-53.270
9.900,14.330,-53.260
9.900,14.330,-53.260
9.900,14.330,-53.260
11.280,14.450,-53.390
11.280,14.450,-53.390
11.890,14.280,-53.760
12.400,13.960,-54.290
12.710,13.480,-54.830
12.710,13.480,-54.830
12.710,13.480,-54.830
12.710,13.480,-54.830
12.410,10.920,-57.010
12.410,10.920,-57.010
12.290,10.310,-57.930
12.290,10.310,-57.930
12.290,10.310,-57.930
12.290,10.310,-57.930
12.290,10.310,-57.930
12.290,10.310,-57.930
11.010,8.720,-62.430
10.490,8.820,-63.010
10.490,8.820,-63.010
9.970,9.020,-63.490
9.970,9.020,-63.490
9.150,9.670,-64.350
9.150,9.670,-64.350
8.800,10.050,-64.610
8.800,10.050,-64.610
8.800,10.050,-64.610
7.910,11.290,-65.120
7.910,11.290,-65.120
7.520,12.180,-65.740
7.340,12.590,-66.110
7.340,12.590,-66.110
7.340,12.590,-66.110
6.580,13.430,-66.870
6.580,13.430,-66.870
6.580,13.430,-66.870
5.960,14.870,-68.270
5.960,14.870,-68.270
5.960,14.870,-68.270
6.100,15.150,-69.050
6.100,15.150,-69.050
6.100,15.150,-69.050
6.420,12.770,-70.890
6.420,12.770,-70.890
6.220,11.620,-71.370
6.220,11.620,-71.370
4.740,7.010,-72.230
4.550,5.610,-72.370
4.430,4.100,-72.590
4.430,4.100,-72.590
4.170,1.160,-73.110
4.170,1.160,-73.110
3.680,-1.590,-73.580
3.680,-1.590,-73.580
3.450,-3.040,-73.840
3.450,-3.040,-73.840
3.450,-3.040,-73.840
3.170,-7.810,-74.920
3.170,-7.810,-74.920
2.860,-11.150,-75.790
2.860,-11.150,-75.790
2.860,-11.150,-75.790
2.860,-11.150,-75.790
1.620,-17.860,-77.330
1.620,-17.860,-77.330
1.620,-17.860,-77.330
1.230,-21.160,-78.170
1.230,-21.160,-78.170
1.080,-22.830,-78.620
0.780,-26.180,-79.530
0.780,-26.180,-79.530
0.650,-27.850,-79.970
0.650,-27.850,-79.970
0.450,-31.060,-80.800
0.330,-32.560,-81.170
0.190,-33.960,-81.520
0.190,-33.960,-81.520
0.190,-33.960,-81.520
-0.210,-36.370,-82.000
-0.470,-37.360,-82.140
-0.470,-37.360,-82.140
-0.470,-37.360,-82.140
-0.470,-37.360,-82.140
-1.050,-39.480,-82.460
-1.150,-39.920,-82.560
-1.150,-39.920,-82.560
-1.150,-39.920,-82.560
-1.450,-40.680,-82.630
-1.450,-40.680,-82.630
-1.590,-40.840,-82.680
-1.590,-40.880,-82.780
-1.580,-40.910,-82.930
-1.580,-40.910,-82.930
-1.580,-40.910,-82.930
-1.530,-41.070,-83.380
-1.530,-41.070,-83.380
-1.530,-41.070,-83.380
-1.600,-41.320,-84.050
-1.600,-41.320,-84.050
-1.640,-40.950,-84.280
-1.660,-40.590,-84.310
-1.660,-40.590,-84.310
-1.660,-40.590,-84.310
-1.720,-39.700,-84.190
-1.740,-39.230,-84.100
-1.740,-39.230,-84.100
-1.770,-38.690,-83.980
-1.790,-38.110,-83.860
-1.790,-38.110,-83.860
-1.790,-38.110,-83.860
-1.800,-37.020,-83.660
-1.800,-37.020,-83.660
-2.040,-35.960,-83.470
-2.040,-35.960,-83.470
-2.040,-35.960,-83.470
-2.040,-35.960,-83.470
-2.630,-33.390,-83.290
-2.630,-33.390,-83.290
-2.720,-30.560,-83.400
-2.650,-28.800,-83.560
-2.650,-28.800,-83.560
-2.560,-26.890,-83.730
-2.560,-26.890,-83.730
-2.510,-22.980,-84.010
-2.510,-22.980,-84.010
-2.510,-22.980,-84.010
-2.480,-17.140,-84.360
-2.480,-17.140,-84.360
-2.380,-13.150,-84.520
-2.380,-13.150,-84.520
-2.150,-4.800,-84.140
-1.770,-0.900,-83.790
-1.770,-0.900,-83.790
-1.770,-0.900,-83.790
-1.770,-0.900,-83.790
-1.770,-0.900,-83.790
-1.770,-0.900,-83.790
-0.830,7.730,-81.290
-0.550,8.880,-80.940
-0.230,9.960,-80.570
-0.230,9.960,-80.570
-0.230,9.960,-80.570
0.210,12.030,-79.950
0.300,12.980,-79.720
0.300,12.980,-79.720
0.220,14.750,-79.420
0.220,14.750,-79.420
0.220,14.750,-79.420
-0.580,18.050,-79.080
-0.580,18.050,-79.080
-0.580,18.050,-79.080
-0.580,18.050,-79.080
-0.690,22.930,-78.670
-0.430,24.480,-78.490
-0.110,26.110,-78.370
-0.110,26.110,-78.370
0.480,29.320,-78.350
0.480,29.320,-78.350
0.650,30.840,-78.350
0.720,32.290,-78.350
0.720,32.290,-78.350
0.790,35.010,-78.210
0.770,36.300,-78.170
0.770,36.300,-78.170
0.670,37.570,-78.190
0.620,38.780,-78.140
0.620,38.780,-78.140
0.620,38.780,-78.140
0.660,41.000,-77.920
0.710,42.040,-77.790
0.710,42.040,-77.790
0.880,44.000,-77.500
1.010,44.940,-77.360
1.010,44.940,-77.360
1.010,44.940,-77.360
1.010,44.940,-77.360
1.010,44.940,-77.360
2.150,49.410,-76.030
2.150,49.410,-76.030
2.530,51.160,-75.550
2.750,51.990,-75.380
2.750,51.990,-75.380
3.480,54.220,-74.810
3.480,54.220,-74.810
4.250,56.000,-74.220
4.250,56.000,-74.220
4.250,56.000,-74.220
5.020,56.990,-73.610
5.020,56.990,-73.610
5.020,56.990,-73.610
5.330,57.100,-73.280
5.420,57.030,-73.160
5.420,57.030,-73.160
5.490,56.890,-73.060
5.510,56.700,-73.000
5.510,56.700,-73.000
5.510,56.700,-73.000
5.480,56.320,-72.860
5.440,56.170,-72.800
5.440,56.170,-72.800
5.440,56.170,-72.800
5.580,55.760,-72.570
5.580,55.760,-72.570
5.880,55.340,-72.430
5.880,55.340,-72.430
5.880,55.340,-72.430
6.350,54.150,-72.340
6.420,53.600,-72.430
6.420,53.600,-72.430
6.510,52.270,-72.630
6.510,52.270,-72.630
6.510,52.270,-72.630
6.240,49.860,-72.950
6.240,49.860,-72.950
6.050,48.980,-73.110
6.050,48.980,-73.110
6.050,48.980,-73.110
5.450,46.080,-73.710
5.450,46.080,-73.710
5.450,46.080,-73.710
4.660,41.370,-74.480
4.660,41.370,-74.480
4.660,41.370,-74.480
4.660,41.370,-74.480
4.300,37.400,-74.810
4.300,37.400,-74.810
4.300,37.400,-74.810
4.310,31.550,-74.990
4.360,29.870,-75.050
4.410,28.080,-75.140
4.440,26.170,-75.250
4.450,24.210,-75.400
4.430,22.230,-75.560
4.430,22.230,-75.560
4.380,20.290,-75.770
4.380,20.290,-75.770
4.380,20.290,-75.770
4.210,16.730,-76.290
4.060,13.670,-76.890
4.060,13.670,-76.890
4.060,13.670,-76.890
4.060,13.670,-76.890
3.770,10.450,-77.660
3.770,10.450,-77.660
3.770,10.450,-77.660
3.250,8.890,-78.320
3.250,8.890,-78.320
3.010,8.580,-78.470
2.740,8.350,-78.560
2.740,8.350,-78.560
2.250,8.100,-78.700
2.070,8.050,-78.750
2.070,8.050,-78.750
2.070,8.050,-78.750
1.950,8.050,-78.880
1.950,8.050,-78.880
2.090,8.090,-78.980
2.090,8.090,-78.980
2.320,8.010,-79.080
2.320,8.010,-79.080
2.450,7.910,-79.120
2.590,7.780,-79.140
2.740,7.630,-79.130
2.950,7.490,-79.140
2.950,7.490,-79.140
2.950,7.490,-79.140
3.640,7.280,-79.280
4.190,7.230,-79.420
4.190,7.230,-79.420
4.190,7.230,-79.420
5.650,7.150,-79.710
5.650,7.150,-79.710
7.510,6.920,-80.040
7.510,6.920,-80.040
8.550,6.770,-80.270
9.640,6.650,-80.520
9.640,6.650,-80.520
9.640,6.650,-80.520
9.640,6.650,-80.520
14.110,6.290,-81.550
16.700,6.100,-82.140
16.700,6.100,-82.140
18.100,6.010,-82.460
18.100,6.010,-82.460
18.100,6.010,-82.460
22.280,5.580,-83.370
22.280,5.580,-83.370
22.280,5.580,-83.370
25.110,5.100,-83.940
25.110,5.100,-83.940
25.110,5.100,-83.940
27.910,4.650,-84.450
29.230,4.450,-84.650
30.520,4.340,-84.770
30.520,4.340,-84.770
30.520,4.340,-84.770
33.100,4.480,-84.710
34.500,4.630,-84.620
34.500,4.630,-84.620
34.500,4.630,-84.620
34.500,4.630,-84.620
40.750,5.180,-84.200
40.750,5.180,-84.200
42.410,5.280,-84.140
42.410,5.280,-84.140
45.610,5.450,-84.060
45.610,5.450,-84.060
45.610,5.450,-84.060
48.970,5.410,-83.730
48.970,5.410,-83.730
48.970,5.410,-83.730
50.620,5.140,-83.390
50.620,5.140,-83.390
51.240,4.900,-83.210
51.240,4.900,-83.210
51.770,4.700,-83.080
52.020,4.620,-83.070
52.020,4.620,-83.070
52.020,4.620,-83.070
52.020,4.620,-83.070
52.600,4.370,-83.130
52.490,4.230,-82.960
52.490,4.230,-82.960
52.360,4.160,-82.870
52.360,4.160,-82.870
52.360,4.160,-82.870
52.000,4.010,-82.790
52.000,4.010,-82.790
52.000,4.010,-82.790
52.000,4.010,-82.790
52.000,4.010,-82.790
50.010,3.440,-82.750
50.010,3.440,-82.750
48.650,3.180,-82.660
48.650,3.180,-82.660
47.910,3.070,-82.570
47.130,2.960,-82.470
47.130,2.960,-82.470
47.130,2.960,-82.470
44.700,2.790,-82.000
44.700,2.790,-82.000
44.700,2.790,-82.000
43.120,2.710,-81.880
42.290,2.660,-81.840
42.290,2.660,-81.840
42.290,2.660,-81.840
40.430,2.780,-81.480
39.360,2.920,-81.160
39.360,2.920,-81.160
38.170,3.030,-80.860
36.880,3.140,-80.570
36.880,3.140,-80.570
35.520,3.260,-80.280
35.520,3.260,-80.280
32.710,3.410,-79.850
32.710,3.410,-79.850
32.710,3.410,-79.850
28.500,3.860,-79.140
25.910,4.470,-78.580
25.910,4.470,-78.580
23.460,5.220,-78.050
22.200,5.670,-77.780
22.200,5.670,-77.780
20.870,6.160,-77.500
19.470,6.680,-77.250
19.470,6.680,-77.250
18.040,7.190,-77.060
18.040,7.190,-77.060
15.080,8.100,-76.930
15.080,8.100,-76.930
11.880,8.690,-77.050
11.880,8.690,-77.050
10.190,8.890,-77.190
8.420,9.060,-77.350
8.420,9.060,-77.350
4.740,9.210,-77.660
4.740,9.210,-77.660
4.740,9.210,-77.660
-0.830,8.940,-77.980
-0.830,8.940,-77.980
-6.210,8.900,-78.180
-7.890,9.050,-78.340
-7.890,9.050,-78.340
-9.480,9.230,-78.530
-9.480,9.230,-78.530
-12.350,9.540,-79.000
-12.350,9.540,-79.000
-12.350,9.540,-79.000
-12.350,9.540,-79.000
-16.440,9.890,-79.500
-16.440,9.890,-79.500
-17.870,9.980,-79.600
-19.290,10.050,-79.680
-19.290,10.050,-79.680
-19.290,10.050,-79.680
-19.290,10.050,-79.680
-23.400,10.200,-79.820
-23.400,10.200,-79.820
-23.400,10.200,-79.820
-23.400,10.200,-79.820
-30.600,10.880,-80.340
-31.990,11.060,-80.500
-31.990,11.060,-80.500
-33.340,11.200,-80.630
-33.340,11.200,-80.630
-35.970,11.480,-80.720
-35.970,11.480,-80.720
-37.170,11.640,-80.720
-38.220,11.790,-80.710
-39.120,11.890,-80.730
-39.900,11.940,-80.770
-39.900,11.940,-80.770
-41.340,12.050,-80.980
-41.340,12.050,-80.980
-42.540,12.190,-81.190
-42.540,12.190,-81.190
-42.540,12.190,-81.190
-42.540,12.190,-81.190
-42.540,12.190,-81.190
-42.640,12.120,-81.360
-42.220,12.050,-81.450
-41.710,11.990,-81.540
-41.710,11.990,-81.540
-40.640,12.010,-81.720
-40.640,12.010,-81.720
-39.650,12.150,-81.820
-39.650,12.150,-81.820
-38.230,12.390,-81.760
-38.230,12.390,-81.760
-37.610,12.510,-81.690
-37.610,12.510,-81.690
-35.860,12.730,-81.580
-34.700,12.800,-81.550
-34.700,12.800,-81.550
-33.410,12.850,-81.580
-33.410,12.850,-81.580
-33.410,12.850,-81.580
-30.670,13.020,-81.710
-30.670,13.020,-81.710
-27.830,13.280,-81.850
-27.830,13.280,-81.850
-27.830,13.280,-81.850
-25.140,13.390,-81.920
-25.140,13.390,-81.920
-21.590,13.230,-81.690
-21.590,13.230,-81.690
-19.350,12.950,-81.420
-18.260,12.810,-81.350
-17.190,12.730,-81.320
-17.190,12.730,-81.320
-15.010,12.770,-81.290
-15.010,12.770,-81.290
-15.010,12.770,-81.290
-11.500,13.120,-81.320
-10.260,13.260,-81.370
-10.260,13.260,-81.370
-7.740,13.450,-81.450
-7.740,13.450,-81.450
-6.480,13.490,-81.400
-6.480,13.490,-81.400
-5.240,13.520,-81.280
-5.240,13.520,-81.280
-5.240,13.520,-81.280
-5.240,13.520,-81.280
-1.900,13.430,-80.990
-1.000,13.270,-80.900
-1.000,13.270,-80.900
0.580,12.580,-80.450
0.800,12.260,-80.280
0.800,12.260,-80.280
1.070,11.640,-80.090
1.070,11.640,-80.090
1.290,11.180,-79.920
1.380,11.030,-79.790
1.380,11.030,-79.790
1.380,11.030,-79.790
1.540,10.980,-79.200
1.630,11.020,-78.990
1.630,11.020,-78.990
1.730,11.040,-78.730
1.730,11.040,-78.730
1.730,11.040,-78.730
1.800,10.980,-77.900
1.770,10.900,-77.360
1.770,10.820,-76.760
1.770,10.820,-76.760
1.820,10.750,-76.110
1.820,10.750,-76.110
1.890,10.610,-75.410
1.890,10.610,-75.410
1.890,10.610,-75.410
2.100,10.220,-73.240
2.180,10.200,-72.590
2.180,10.200,-72.590
2.180,10.200,-72.590
2.390,10.260,-71.600
2.460,10.330,-71.250
2.460,10.400,-70.940
2.390,10.460,-70.680
2.390,10.460,-70.680
2.290,10.500,-70.510
2.200,10.480,-70.460
2.200,10.480,-70.460
2.200,10.480,-70.460
1.790,10.090,-70.670
1.620,9.950,-70.710
1.620,9.950,-70.710
1.460,9.790,-70.730
1.460,9.790,-70.730
1.460,9.790,-70.730
1.460,9.790,-70.730
1.460,9.790,-70.730
1.100,8.320,-70.220
1.170,8.000,-69.950
1.170,8.000,-69.950
1.170,8.000,-69.950
1.640,7.640,-69.430
1.960,7.570,-69.220
2.240,7.530,-69.060
2.240,7.530,-69.060
2.240,7.530,-69.060
2.440,7.480,-68.960
2.440,7.480,-68.960
2.400,7.480,-68.940
2.330,7.450,-68.910
2.330,7.450,-68.910
2.330,7.450,-68.910
2.330,7.450,-68.910
2.330,7.450,-68.910
2.290,6.400,-68.300
2.290,6.400,-68.300
2.290,6.400,-68.300
2.290,6.400,-68.300
1.890,5.540,-68.140
1.890,5.540,-68.140
1.920,5.530,-68.130
2.110,5.510,-68.160
2.110,5.510,-68.160
2.110,5.510,-68.160
3.000,5.460,-68.220
3.000,5.460,-68.220
3.000,5.460,-68.220
4.390,5.220,-68.390
4.390,5.220,-68.390
4.390,5.220,-68.390
5.670,4.950,-68.700
5.670,4.950,-68.700
5.670,4.950,-68.700
5.670,4.950,-68.700
6.100,4.600,-69.280
6.100,4.600,-69.280
6.100,4.600,-69.280
5.580,4.450,-69.310
5.020,4.410,-69.210
4.690,4.440,-69.110
4.690,4.440,-69.110
4.020,4.450,-68.970
3.780,4.450,-68.980
3.780,4.450,-68.980
3.780,4.450,-68.980
3.460,4.150,-68.990
3.460,4.150,-68.990
3.390,3.800,-68.820
3.310,3.610,-68.660
3.310,3.610,-68.660
3.260,3.480,-68.430
3.260,3.480,-68.430
3.260,3.480,-68.430
3.210,3.480,-67.890
3.260,3.670,-67.640
3.260,3.670,-67.640
3.340,4.010,-67.400
3.380,4.540,-67.180
3.340,5.230,-66.960
3.340,5.230,-66.960
3.240,5.980,-66.770
3.240,5.980,-66.770
3.160,6.710,-66.580
3.200,7.340,-66.450
3.200,7.340,-66.450
3.710,8.180,-66.320
4.080,8.340,-66.270
4.410,8.280,-66.310
4.410,8.280,-66.310
4.410,8.280,-66.310
5.050,7.740,-66.700
5.430,7.370,-66.970
5.430,7.370,-66.970
5.430,7.370,-66.970
5.430,7.370,-66.970
6.400,6.070,-67.280
6.610,5.660,-67.130
6.610,5.660,-67.130
6.730,5.260,-66.850
6.800,4.900,-66.500
6.810,4.580,-66.030
6.810,4.580,-66.030
6.770,4.320,-65.510
6.600,4.160,-64.960
6.600,4.160,-64.960
6.240,4.040,-64.350
5.790,3.990,-63.690
5.790,3.990,-63.690
4.650,3.620,-61.650
4.610,3.400,-61.120
4.610,3.400,-61.120
5.360,3.340,-61.000
5.560,3.480,-61.520
5.560,3.480,-61.520
5.870,3.800,-63.590
5.860,3.910,-65.260
5.860,3.910,-65.260
5.860,3.910,-65.260
4.230,3.850,-74.130
4.230,3.850,-74.130
3.090,3.870,-78.700
3.090,3.870,-78.700
-0.020,4.480,-89.820
-1.770,5.240,-95.900
-1.770,5.240,-95.900
-1.770,5.240,-95.900
-4.350,7.270,-107.690
-5.030,8.240,-113.000
-5.030,8.240,-113.000
-5.030,8.240,-113.000
-5.670,9.600,-122.160
-5.670,9.600,-122.160
-5.750,10.160,-129.330
-5.740,10.160,-132.280
-5.680,9.930,-134.840
-5.680,9.930,-134.840
-5.680,9.930,-134.840
-5.680,9.930,-134.840
-4.060,8.260,-141.360
-4.060,8.260,-141.360
-4.060,8.260,-141.360
-4.060,8.260,-141.360
-2.120,7.170,-143.830
-1.570,6.690,-144.610
-1.060,6.210,-145.410
-1.060,6.210,-145.410
-0.180,5.560,-146.960
-0.180,5.560,-146.960
0.140,5.450,-147.660
0.390,5.440,-148.310
0.730,5.460,-149.560
0.850,5.470,-150.150
0.940,5.530,-150.660
0.940,5.530,-150.660
0.940,5.530,-150.660
0.940,5.530,-150.660
1.140,6.000,-152.130
1.140,6.000,-152.130
1.160,6.110,-152.650
1.180,6.120,-152.850
1.180,6.120,-152.850
1.230,6.030,-153.180
1.200,5.980,-153.410
1.200,5.980,-153.410
1.160,6.010,-153.570
1.170,5.980,-153.680
1.170,5.980,-153.680
1.210,5.920,-153.920
1.210,5.920,-153.920
1.400,5.850,-154.160
1.400,5.850,-154.160
1.700,5.750,-153.720
1.700,5.750,-153.720
1.700,5.750,-153.720
2.220,5.330,-151.140
2.220,5.330,-151.140
2.340,5.240,-149.980
2.690,5.200,-146.910
2.930,5.180,-144.950
3.190,5.170,-142.630
3.190,5.170,-142.630
3.420,5.240,-139.900
3.420,5.240,-139.900
3.420,5.240,-139.900
3.420,5.240,-139.900
3.950,5.930,-128.710
3.970,6.250,-124.100
3.970,6.250,-124.100
3.970,6.250,-124.100
3.360,6.130,-115.210
3.360,6.130,-115.210
3.360,6.130,-115.210
3.360,6.130,-115.210
0.310,5.110,-105.260
0.310,5.110,-105.260
0.310,5.110,-105.260
-0.530,4.920,-103.740
-0.630,4.980,-103.370
-0.630,4.980,-103.370
-0.630,4.980,-103.370
-0.520,5.290,-102.740
-0.520,5.290,-102.740
-0.520,5.290,-102.740
-0.520,5.290,-102.740
-0.250,6.470,-100.570
-0.320,6.550,-100.170
-0.320,6.550,-100.170
-0.590,6.780,-99.530
-0.590,6.780,-99.530
-0.590,6.780,-99.530
-0.590,6.780,-99.530
-0.590,6.780,-99.530
-0.540,6.800,-99.550
-0.470,6.730,-99.570
-0.470,6.730,-99.570
-0.370,6.620,-99.570
-0.160,6.240,-99.540
-0.160,6.240,-99.540
-0.010,5.990,-99.540
-0.010,5.990,-99.540
0.380,5.380,-99.560
0.380,5.380,-99.560
0.380,5.380,-99.560
0.870,4.750,-99.610
1.090,4.440,-99.640
1.090,4.440,-99.640
1.090,4.440,-99.640
1.650,3.660,-99.790
1.650,3.660,-99.790
1.650,3.660,-99.790
2.070,3.180,-99.810
2.070,3.180,-99.810
2.180,3.080,-99.790
2.180,3.080,-99.790
2.180,3.080,-99.790
2.420,2.930,-99.790
2.420,2.930,-99.790
2.420,2.930,-99.790
2.420,2.930,-99.790
2.720,2.750,-99.770
2.720,2.750,-99.770
2.720,2.750,-99.770
2.990,2.590,-99.670
2.990,2.590,-99.670
2.990,2.590,-99.670
3.160,2.490,-99.620
3.230,2.460,-99.610
3.280,2.430,-99.610
3.280,2.430,-99.610
3.320,2.390,-99.590
3.310,2.370,-99.580
3.300,2.370,-99.570
3.300,2.370,-99.570
3.280,2.380,-99.560
3.280,2.380,-99.560
3.280,2.380,-99.560
3.280,2.380,-99.560
3.280,2.380,-99.560
3.170,2.450,-99.450
3.180,2.470,-99.410
3.180,2.470,-99.410
3.180,2.470,-99.410
3.220,2.360,-99.350
3.220,2.360,-99.350
3.420,1.700,-99.290
3.420,1.700,-99.290
3.860,0.910,-99.230
3.860,0.910,-99.230
4.070,0.480,-98.970
4.070,0.480,-98.970
4.080,0.360,-98.750
4.080,0.360,-98.750
3.980,0.260,-98.150
3.980,0.260,-98.150
3.840,0.360,-97.650
3.840,0.360,-97.650
3.750,0.460,-97.470
3.750,0.460,-97.470
3.620,0.680,-97.210
3.530,0.780,-97.090
3.430,0.900,-96.950
3.430,0.900,-96.950
3.430,0.900,-96.950
3.090,1.320,-96.460
3.090,1.320,-96.460
3.040,1.450,-96.380
3.040,1.450,-96.380
3.090,1.500,-96.310
3.090,1.500,-96.310
3.310,1.230,-96.330
3.430,1.080,-96.380
3.430,1.080,-96.380
3.430,1.080,-96.380
3.700,0.700,-96.560
3.700,0.700,-96.560
3.700,0.700,-96.560
3.780,0.550,-96.590
3.780,0.550,-96.590
3.700,0.360,-96.350
3.700,0.360,-96.350
3.640,0.240,-96.140
3.580,0.140,-95.910
3.510,0.050,-95.590
3.510,0.050,-95.590
3.420,0.010,-95.170
3.420,0.010,-95.170
3.330,0.010,-94.590
3.330,0.010,-94.590
3.310,0.370,-92.640
3.360,0.610,-91.150
3.360,0.610,-91.150
3.360,0.610,-91.150
3.240,1.020,-86.640
3.240,1.020,-86.640
3.240,1.020,-86.640
3.240,1.020,-86.640
1.670,0.520,-70.700
0.900,0.000,-65.460
0.900,0.000,-65.460
0.900,0.000,-65.460
-1.120,-1.780,-48.990
-1.610,-2.230,-43.730
-1.610,-2.230,-43.730
-1.910,-2.510,-38.710
-1.910,-2.510,-38.710
-1.910,-2.510,-38.710
-1.910,-2.510,-38.710
-0.780,-2.310,-21.560
-0.780,-2.310,-21.560
-0.780,-2.310,-21.560
-0.780,-2.310,-21.560
-0.170,-1.810,-8.310
-0.170,-1.810,-8.310
-0.350,-1.480,-3.620
-0.280,-1.520,-2.030
-0.280,-1.520,-2.030
-0.090,-1.700,-0.960
-0.090,-1.700,-0.960
-0.090,-1.700,-0.960
-0.090,-1.700,-0.960
-0.090,-1.700,-0.960
0.560,-2.870,-0.340
0.400,-3.110,-0.600
0.120,-3.300,-0.870
0.120,-3.300,-0.870
0.120,-3.300,-0.870
-0.560,-3.610,-1.300
-0.560,-3.610,-1.300
-0.890,-3.790,-1.460
-1.140,-3.960,-1.600
-1.140,-3.960,-1.600
-1.140,-3.960,-1.600
-1.140,-3.960,-1.600
-1.140,-3.960,-1.600
-1.140,-3.960,-1.600
-1.270,-4.220,-1.330
-1.270,-4.220,-1.330
-1.020,-4.130,-1.000
-1.020,-4.130,-1.000
-1.020,-4.130,-1.000
-0.870,-4.000,-0.680
-0.840,-3.940,-0.570
-0.840,-3.940,-0.570
-0.820,-3.820,-0.390
-0.850,-3.790,-0.360
-0.880,-3.750,-0.330
-0.900,-3.700,-0.310
-0.900,-3.700,-0.310
-0.900,-3.700,-0.310
-0.900,-3.700,-0.310
-1.050,-3.360,-0.220
-1.090,-3.200,-0.210
-1.090,-2.850,-0.230
-1.090,-2.850,-0.230
-1.070,-2.700,-0.230
-1.040,-2.560,-0.210
-1.040,-2.560,-0.210
-1.020,-2.440,-0.160
-1.000,-2.340,-0.100
-1.000,-2.340,-0.100
-0.950,-2.170,0.020
-0.950,-2.170,0.020
-0.950,-2.170,0.020
-0.790,-1.870,0.260
-0.790,-1.870,0.260
-0.710,-1.770,0.360
-0.710,-1.770,0.360
-0.710,-1.770,0.360
-0.380,-1.530,0.700
-0.270,-1.510,0.800
-0.160,-1.500,0.900
-0.160,-1.500,0.900
-0.160,-1.500,0.900
0.040,-1.540,1.060
0.040,-1.540,1.060
0.000,-1.650,1.030
0.000,-1.650,1.030
-0.050,-1.730,0.990
-0.050,-1.730,0.990
-0.050,-1.730,0.990
-0.050,-1.730,0.990
-0.220,-2.000,0.820
-0.220,-2.000,0.820
-0.260,-2.200,0.620
-0.260,-2.200,0.620
-0.260,-2.200,0.620
-0.130,-2.530,-0.200
-0.130,-2.530,-0.200
-0.040,-2.900,-1.460
-0.040,-2.900,-1.460
0.000,-3.450,-3.900
0.000,-3.450,-3.900
0.280,-4.350,-8.610
0.280,-4.350,-8.610
1.100,-5.610,-17.080
1.100,-5.610,-17.080
1.100,-5.610,-17.080
2.330,-7.050,-29.980
2.330,-7.050,-29.980
3.520,-7.220,-53.430
3.520,-7.220,-53.430
3.520,-7.220,-53.430
3.520,-7.220,-53.430
1.000,-4.500,-78.280
-0.280,-3.890,-80.000
-0.280,-3.890,-80.000
-1.340,-3.210,-80.940
-1.340,-3.210,-80.940
-1.340,-3.210,-80.940
-1.340,-3.210,-80.940
-2.640,0.140,-82.960
-2.640,0.140,-82.960
-2.640,0.590,-83.480
-2.640,0.590,-83.480
-2.640,1.200,-84.490
-2.640,1.200,-84.490
-2.640,1.200,-84.490
-2.690,1.740,-85.850
-2.080,2.020,-86.450
-2.080,2.020,-86.450
-2.080,2.020,-86.450
-0.970,2.130,-87.170
-0.970,2.130,-87.170
-0.730,1.830,-87.660
-0.730,1.830,-87.660
-0.730,1.830,-87.660
-0.030,0.940,-88.320
-0.030,0.940,-88.320
0.390,1.060,-88.400
0.390,1.060,-88.400
0.390,1.060,-88.400
0.430,1.210,-88.480
0.430,1.210,-88.480
0.430,1.210,-88.480
0.140,1.240,-88.490
0.140,1.240,-88.490
-0.110,1.180,-88.520
-0.080,1.160,-88.530
0.040,1.150,-88.530
0.300,1.150,-88.440
0.220,1.070,-88.350
0.220,1.070,-88.350
-0.030,0.910,-88.280
-0.030,0.910,-88.280
-0.090,0.850,-88.290
-0.040,0.810,-88.300
0.120,0.770,-88.270
0.120,0.770,-88.270
0.130,0.740,-88.260
-0.010,0.630,-88.260
-0.010,0.630,-88.260
-0.010,0.630,-88.260
-0.010,0.630,-88.260
-0.010,0.630,-88.260
0.200,0.610,-88.210
0.200,0.610,-88.210
0.200,0.610,-88.210
0.350,0.640,-88.250
0.350,0.640,-88.250
0.350,0.640,-88.250
0.440,0.560,-88.410
0.440,0.560,-88.410
0.440,0.560,-88.410
0.390,0.460,-88.550
0.350,0.580,-88.630
0.350,0.580,-88.630
0.330,0.700,-88.660
0.300,0.840,-88.680
0.300,0.840,-88.680
0.300,0.840,-88.680
0.300,0.840,-88.680
0.300,0.840,-88.680
-0.030,1.730,-88.940
-0.030,1.730,-88.940
-0.030,1.730,-88.940
-0.030,2.040,-89.090
-0.030,2.040,-89.090
-0.030,2.040,-89.090
0.080,2.440,-89.290
0.080,2.440,-89.290
0.040,2.390,-89.550
0.040,2.390,-89.550
0.010,2.050,-89.840
0.010,2.050,-89.840
0.010,2.050,-89.840
0.010,2.050,-89.840
0.010,2.050,-89.840
0.080,1.530,-89.480
0.080,1.530,-89.480
0.070,1.430,-89.350
0.070,1.430,-89.350
0.070,1.430,-89.350
0.030,0.910,-89.040
0.030,0.910,-89.040
-0.110,0.010,-88.760
-0.110,0.010,-88.760
-0.110,0.010,-88.760
-0.460,-1.190,-88.420
-0.620,-1.610,-88.370
-0.620,-1.610,-88.370
-0.810,-2.170,-88.140
-0.810,-2.170,-88.140
-0.820,-2.290,-87.920
-0.820,-2.290,-87.920
-0.820,-2.290,-87.920
-0.880,-2.200,-86.830
-0.880,-2.200,-86.830
-0.880,-2.200,-86.830
-1.640,-2.570,-85.890
-1.640,-2.570,-85.890
-1.640,-2.570,-85.890
-1.640,-2.570,-85.890
-2.160,-3.270,-85.150
-2.110,-3.410,-84.990
-2.110,-3.410,-84.990
-1.980,-3.450,-84.850
-1.820,-3.390,-84.690
-1.690,-3.220,-84.700
-1.750,-3.150,-84.930
-1.750,-3.150,-84.930
-1.790,-3.030,-85.130
-1.800,-2.840,-85.260
-1.800,-2.840,-85.260
-1.800,-2.840,-85.260
-1.750,-2.430,-85.160
-1.750,-2.430,-85.160
-1.740,-2.280,-84.970
-1.740,-2.280,-84.970
-1.740,-2.280,-84.970
-1.740,-2.280,-84.970
-1.740,-2.280,-84.970
-1.740,-2.280,-84.970
-1.740,-2.280,-84.970
-1.740,-2.280,-84.970
-1.740,-2.280,-84.970
-1.740,-2.280,-84.970
-0.850,-1.860,-81.070
-0.800,-2.080,-80.680
-0.800,-2.080,-80.680
-0.700,-2.390,-80.290
-0.700,-2.390,-80.290
-0.490,-2.700,-79.840
-0.490,-2.700,-79.840
-0.490,-2.700,-79.840
0.170,-3.100,-78.490
0.170,-3.100,-78.490
0.170,-3.100,-78.490
0.750,-3.590,-76.590
0.750,-3.590,-76.590
0.750,-3.590,-76.590
1.160,-4.140,-74.490
1.160,-4.140,-74.490
1.160,-4.140,-74.490
1.160,-4.140,-74.490
1.340,-4.740,-70.900
1.270,-4.930,-70.200
1.270,-4.930,-70.200
1.270,-4.930,-70.200
1.100,-5.230,-69.380
1.100,-5.230,-69.380
1.100,-5.230,-69.380
1.090,-5.350,-69.900
1.230,-5.380,-70.860
1.230,-5.380,-70.860
1.490,-5.340,-72.380
1.490,-5.340,-72.380
1.490,-5.340,-72.380
2.070,-5.080,-85.020
2.070,-5.080,-85.020
1.900,-5.050,-90.250
1.900,-5.050,-90.250
1.570,-5.000,-96.380
1.570,-5.000,-96.380
1.180,-4.950,-103.480
0.850,-4.840,-111.270
0.850,-4.840,-111.270
0.850,-4.840,-111.270
0.310,-4.510,-127.450
0.310,-4.510,-127.450
-0.450,-3.820,-142.580
-0.900,-3.230,-148.760
-0.900,-3.230,-148.760
-1.960,-1.570,-157.320
-2.540,-0.560,-160.030
-2.540,-0.560,-160.030
-2.540,-0.560,-160.030
-2.540,-0.560,-160.030
-2.540,-0.560,-160.030
-5.370,1.820,-168.920
-5.050,1.640,-169.870
-5.050,1.640,-169.870
-4.560,1.410,-170.710
-4.560,1.410,-170.710
-3.380,0.790,-172.130
-3.380,0.790,-172.130
-2.290,0.270,-173.140
-1.860,0.190,-173.440
-1.860,0.190,-173.440
-1.860,0.190,-173.440
-1.860,0.190,-173.440
-0.900,0.520,-173.800
-0.740,0.740,-173.870
-0.660,0.920,-173.940
-0.660,0.920,-173.940
-0.610,1.180,-174.030
-0.610,1.180,-174.030
-0.610,1.180,-174.030
-0.680,1.280,-174.170
-0.800,1.260,-174.250
-0.800,1.260,-174.250
-0.800,1.260,-174.250
-0.800,1.260,-174.250
-1.280,1.010,-174.560
-1.280,1.010,-174.560
-2.100,0.720,-175.430
-2.100,0.720,-175.430
-3.200,0.510,-176.440
-3.560,0.500,-176.620
-3.560,0.500,-176.620
-3.560,0.500,-176.620
-3.560,0.500,-176.620
-3.560,0.500,-176.620
-3.830,1.030,-176.220
-3.830,1.030,-176.220
-3.700,0.900,-175.990
-3.700,0.900,-175.990
-3.560,0.610,-175.800
-3.500,0.510,-175.720
-3.490,0.460,-175.620
-3.550,0.450,-175.490
-3.550,0.450,-175.490
-3.740,0.540,-175.240
-3.850,0.660,-175.090
-3.850,0.660,-175.090
-3.990,0.990,-174.840
-3.990,0.990,-174.840
-3.850,1.550,-174.960
-3.850,1.550,-174.960
-3.660,1.930,-175.230
-3.660,1.930,-175.230
-3.660,1.930,-175.230
-3.660,1.930,-175.230
-3.130,2.860,-176.290
-3.230,2.880,-176.320
-3.400,2.890,-176.280
-3.400,2.890,-176.280
-3.780,2.910,-176.110
-3.910,2.920,-176.040
-3.910,2.920,-176.040
-3.980,2.920,-175.970
-3.980,2.920,-175.970
-3.880,2.900,-175.970
-3.840,2.870,-175.970
-3.840,2.800,-175.920
-3.840,2.800,-175.920
-3.970,2.540,-175.640
-4.080,2.360,-175.400
-4.170,2.140,-175.150
-4.170,2.140,-175.150
-4.230,1.680,-174.780
-4.230,1.680,-174.780
-4.230,1.680,-174.780
-4.010,1.330,-174.730
-3.770,1.210,-174.800
-3.770,1.210,-174.800
-3.170,0.960,-175.000
-3.170,0.960,-175.000
-3.170,0.960,-175.000
-3.170,0.960,-175.000
-3.170,0.960,-175.000
-3.170,0.960,-175.000
-1.780,0.810,-175.670
-1.650,0.890,-175.750
-1.440,0.990,-175.740
-1.170,1.090,-175.670
-1.170,1.090,-175.670
-0.560,1.320,-175.500
-0.250,1.480,-175.400
0.090,1.640,-175.270
0.090,1.640,-175.270
0.090,1.640,-175.270
1.020,1.830,-174.960
1.020,1.830,-174.960
1.020,1.830,-174.960
1.020,1.830,-174.960
1.020,1.830,-174.960
2.040,2.380,-173.650
2.040,2.380,-173.650
2.040,2.380,-173.650
1.850,2.740,-172.530
1.660,2.930,-171.470
1.660,2.930,-171.470
1.890,3.030,-171.100
2.600,3.120,-170.980
2.600,3.120,-170.980
2.600,3.120,-170.980
6.330,3.590,-172.060
6.880,3.860,-172.090
6.880,3.860,-172.090
6.860,4.200,-171.700
6.860,4.200,-171.700
6.480,4.580,-170.990
6.480,4.580,-170.990
6.480,4.580,-170.990
5.000,5.360,-168.660
4.740,5.570,-167.900
4.610,5.740,-167.290
4.610,5.740,-167.290
4.450,6.000,-166.500
4.450,6.000,-166.500
4.450,6.000,-166.500
4.450,6.000,-166.500
4.450,6.000,-166.500
3.350,6.170,-164.910
3.350,6.170,-164.910
3.010,6.230,-164.370
3.010,6.230,-164.370
2.880,6.240,-163.940
2.880,6.240,-163.940
2.960,6.150,-163.680
3.180,5.940,-163.550
3.490,5.620,-163.570
3.490,5.620,-163.570
3.830,5.270,-163.710
3.830,5.270,-163.710
4.110,4.760,-163.750
4.110,4.760,-163.750
4.010,4.640,-163.420
4.010,4.640,-163.420
3.790,4.420,-162.890
3.790,4.420,-162.890
4.700,3.810,-163.230
4.700,3.810,-163.230
5.320,3.520,-163.380
5.910,3.360,-163.430
5.910,3.360,-163.430
5.910,3.360,-163.430
5.910,3.360,-163.430
6.440,3.830,-162.550
6.210,4.070,-162.030
5.890,4.270,-161.610
5.890,4.270,-161.610
5.890,4.270,-161.610
5.890,4.270,-161.610
5.890,4.270,-161.610
4.140,5.130,-160.350
4.140,5.130,-160.350
3.170,5.760,-159.920
3.170,5.760,-159.920
3.170,5.760,-159.920
2.490,5.640,-160.650
2.490,5.640,-160.650
2.280,5.470,-161.490
2.280,5.470,-161.490
2.280,5.470,-161.490
1.900,4.560,-167.250
1.900,4.560,-167.250
2.060,3.980,-171.180
2.060,3.980,-171.180
2.060,3.980,-171.180
4.210,0.700,167.720
4.210,0.700,167.720
4.210,0.700,167.720
4.210,0.700,167.720
4.210,0.700,167.720
7.100,-2.560,123.980
7.100,-2.560,123.980
7.100,-2.560,123.980
7.100,-2.560,123.980
0.490,-2.860,112.960
0.490,-2.860,112.960
-1.690,-3.030,111.400
-1.690,-3.030,111.400
-3.680,-3.300,108.800
-3.680,-3.300,108.800
-4.130,-3.450,107.130
-4.060,-3.500,106.520
-4.060,-3.500,106.520
-3.690,-3.450,105.620
-3.690,-3.450,105.620
-3.690,-3.450,105.620
-3.690,-3.450,105.620
-3.690,-3.450,105.620
-2.790,-3.350,105.030
-2.620,-3.410,105.040
-2.620,-3.410,105.040
-2.360,-3.520,105.010
-2.250,-3.540,104.940
-2.130,-3.540,104.840
-2.130,-3.540,104.840
-2.020,-3.530,104.720
-1.940,-3.500,104.590
-1.940,-3.500,104.590
-1.940,-3.500,104.590
-1.820,-3.390,104.380
-1.780,-3.290,104.300
-1.750,-3.160,104.220
-1.710,-3.020,104.140
-1.710,-3.020,104.140
-1.710,-3.020,104.140
-1.620,-2.760,104.000
-1.620,-2.760,104.000
-1.580,-2.580,103.880
-1.580,-2.580,103.880
-1.610,-2.470,103.760
-1.630,-2.410,103.700
-1.630,-2.410,103.700
-1.630,-2.410,103.700
-1.630,-2.410,103.700
-1.700,-2.210,103.480
-1.700,-2.210,103.480
-1.700,-2.210,103.480
-1.700,-2.210,103.480
-1.830,-1.880,103.150
-1.830,-1.880,103.150
-1.860,-1.800,103.070
-1.890,-1.720,103.000
-1.890,-1.720,103.000
-1.940,-1.630,102.940
-1.940,-1.630,102.940
-2.000,-1.550,102.890
-2.000,-1.550,102.890
-2.000,-1.550,102.890
-2.210,-1.360,102.770
-2.210,-1.360,102.770
-2.210,-1.360,102.770
-2.500,-1.190,102.640
-2.550,-1.150,102.620
-2.550,-1.150,102.620
-2.550,-1.150,102.620
-2.550,-1.150,102.620
-2.550,-1.150,102.620
-2.590,-1.040,102.510
-2.590,-1.030,102.500
-2.590,-1.010,102.490
-2.590,-1.010,102.490
-2.600,-0.980,102.480
-2.600,-0.980,102.480
-2.600,-0.950,102.480
-2.610,-0.920,102.460
-2.610,-0.920,102.460
-2.610,-0.920,102.460
-2.610,-0.920,102.460
-2.610,-0.920,102.460
-2.610,-0.920,102.460
-2.610,-0.920,102.460
-2.850,-0.730,102.330
-2.850,-0.730,102.330
-2.850,-0.730,102.330
-3.020,-0.640,102.170
-3.100,-0.590,102.120
-3.100,-0.590,102.120
-3.170,-0.530,102.080
-3.170,-0.530,102.080
-3.230,-0.470,102.040
-3.230,-0.470,102.040
-3.230,-0.470,102.040
-3.230,-0.470,102.040
-3.310,-0.310,102.030
-3.310,-0.310,102.030
-3.310,-0.310,102.030
-3.310,-0.310,102.030
-3.320,-0.170,102.440
-3.320,-0.170,102.440
-3.330,0.220,103.730
-3.330,0.220,103.730
-3.330,0.220,103.730
-3.330,0.220,103.730
-4.580,2.340,111.020
-4.830,3.180,115.720
-4.830,3.180,115.720
-4.700,3.850,121.100
-4.700,3.850,121.100
-4.700,3.850,121.100
-3.430,5.520,141.960
-2.010,6.060,149.650
-0.200,6.540,156.980
1.540,6.940,163.640
1.540,6.940,163.640
2.910,7.250,169.220
2.910,7.250,169.220
4.680,7.760,176.560
4.680,7.760,176.560
5.250,7.850,178.560
5.250,7.850,178.560
5.250,7.850,178.560
5.250,7.850,178.560
6.290,7.370,-179.640
6.290,7.370,-179.640
6.290,7.370,-179.640
6.290,7.370,-179.640
6.290,7.370,-179.640
6.290,7.370,-179.640
4.770,6.510,-178.280
4.770,6.510,-178.280
4.380,6.380,-177.950
4.040,6.240,-177.670
3.760,6.070,-177.440
3.760,6.070,-177.440
3.410,5.690,-177.130
3.410,5.690,-177.130
3.320,5.510,-177.020
3.260,5.320,-176.910
3.250,5.120,-176.810
3.250,5.120,-176.810
3.260,4.890,-176.720
3.260,4.890,-176.720
3.300,4.430,-176.540
3.300,4.430,-176.540
3.290,4.230,-176.430
3.260,4.080,-176.330
3.260,4.080,-176.330
3.260,4.080,-176.330
3.260,4.080,-176.330
2.970,3.880,-175.910
2.970,3.880,-175.910
2.930,3.740,-175.780
2.930,3.740,-175.780
2.930,3.740,-175.780
2.940,3.590,-175.720
2.940,3.590,-175.720
2.950,3.560,-175.710
2.950,3.560,-175.710
2.950,3.550,-175.700
2.950,3.550,-175.700
2.950,3.560,-175.680
2.950,3.580,-175.620
2.950,3.580,-175.620
2.900,3.660,-175.540
2.900,3.660,-175.540
2.900,3.660,-175.540
2.900,3.660,-175.540
2.820,3.760,-175.380
2.820,3.760,-175.380
2.800,3.770,-175.320
2.800,3.770,-175.320
2.800,3.770,-175.320
2.760,3.740,-175.210
2.730,3.720,-175.160
2.730,3.720,-175.160
2.730,3.720,-175.160
2.730,3.720,-175.160
2.730,3.720,-175.160
2.520,3.740,-174.950
2.520,3.740,-174.950
2.460,3.780,-174.900
2.460,3.780,-174.900
2.440,3.790,-174.890
2.440,3.790,-174.890
2.380,3.810,-174.900
2.340,3.830,-174.920
2.280,3.860,-174.940
2.280,3.860,-174.940
2.220,3.880,-174.980
2.160,3.890,-175.050
2.160,3.890,-175.050
2.100,3.880,-175.160
2.030,3.850,-175.380
2.030,3.850,-175.380
1.930,3.810,-175.720
1.930,3.810,-175.720
1.930,3.810,-175.720
1.930,3.810,-175.720
1.330,3.550,-178.330
1.110,3.360,179.890
1.000,3.040,177.380
1.000,3.040,177.380
1.010,2.610,173.980
1.010,2.610,173.980
1.010,2.610,173.980
1.440,1.530,164.030
1.440,1.530,164.030
1.840,0.770,157.510
2.400,-0.070,150.150
2.400,-0.070,150.150
4.300,-2.370,125.540
4.300,-2.370,125.540
4.340,-2.890,118.090
4.340,-2.890,118.090
2.850,-3.190,106.630
2.850,-3.190,106.630
1.380,-3.190,102.680
-0.320,-3.270,99.670
-0.320,-3.270,99.670
-1.930,-3.450,97.320
-3.250,-3.700,95.450
-4.200,-3.880,93.910
-4.200,-3.880,93.910
-4.840,-3.850,92.510
-5.310,-3.600,91.350
-5.690,-3.190,90.440
-6.030,-2.670,89.730
-6.030,-2.670,89.730
-6.320,-2.120,89.190
-6.320,-2.120,89.190
-6.320,-2.120,89.190
-6.430,-0.910,88.050
-6.250,-0.730,87.820
-6.030,-0.640,87.680
-6.030,-0.640,87.680
-5.810,-0.620,87.600
-5.810,-0.620,87.600
-5.420,-0.730,87.520
-5.260,-0.830,87.530
-5.260,-0.830,87.530
-5.110,-0.950,87.540
-4.950,-1.100,87.550
-4.950,-1.100,87.550
-4.950,-1.100,87.550
-4.950,-1.100,87.550
-4.500,-1.530,87.600
-4.390,-1.600,87.620
-4.390,-1.600,87.620
-4.320,-1.620,87.630
-4.270,-1.610,87.620
-4.270,-1.610,87.620
-4.270,-1.610,87.620
-4.270,-1.610,87.620
-4.240,-1.620,87.520
-4.270,-1.660,87.440
-4.270,-1.660,87.440
-4.400,-1.710,87.330
-4.400,-1.710,87.330
-4.380,-1.720,87.350
-4.380,-1.720,87.350
-4.360,-1.720,87.370
-4.360,-1.720,87.370
-4.290,-1.680,87.420
-4.290,-1.680,87.420
-4.250,-1.660,87.450
-4.250,-1.660,87.450
-4.230,-1.640,87.480
-4.230,-1.640,87.480
-4.230,-1.640,87.480
-4.230,-1.640,87.480
-4.270,-1.650,87.580
-4.270,-1.650,87.580
-4.270,-1.650,87.580
-4.360,-1.780,87.660
-4.360,-1.780,87.660
-4.360,-1.780,87.660
-4.390,-2.090,87.830
-4.390,-2.090,87.830
-4.360,-2.390,88.010
-4.360,-2.390,88.010
-4.360,-2.390,88.010
-4.300,-2.690,88.220
-4.300,-2.690,88.220
-4.190,-2.950,88.450
-4.190,-2.950,88.450
-4.190,-2.950,88.450
-4.190,-2.950,88.450
-4.190,-2.950,88.450
-4.020,-3.330,88.900
-4.020,-3.330,88.900
-4.020,-3.330,88.900
-4.010,-3.760,89.240
-4.040,-5.110,89.900
-4.030,-6.420,90.500
-4.030,-8.310,91.360
-4.030,-8.310,91.360
-3.630,-14.400,93.770
-3.630,-14.400,93.770
-2.500,-18.870,94.730
-2.500,-18.870,94.730
-2.500,-18.870,94.730
1.770,-30.810,96.230
3.100,-38.180,98.280
6.680,-46.230,98.160
16.490,-54.160,91.850
30.810,-61.360,80.380
30.810,-61.360,80.380
30.810,-61.360,80.380
66.320,-71.130,47.030
66.320,-71.130,47.030
66.320,-71.130,47.030
66.320,-71.130,47.030
86.110,-73.980,24.710
86.110,-73.980,24.710
86.110,-73.980,24.710
79.010,-73.690,29.380
79.010,-73.690,29.380
67.260,-74.400,38.760
67.260,-74.400,38.760
67.260,-74.400,38.760
40.600,-78.290,62.740
40.600,-78.290,62.740
40.600,-78.290,62.740
-60.980,-82.170,161.030
-65.920,-82.040,165.750
-65.920,-82.040,165.750
-65.920,-82.040,165.750
-66.960,-82.040,166.640
-66.960,-82.040,166.640
-56.860,-82.340,156.540
-49.640,-82.680,149.360
-49.640,-82.680,149.360
-49.640,-82.680,149.360
-49.640,-82.680,149.360
-21.380,-84.470,121.230
-12.530,-84.930,112.390
-12.530,-84.930,112.390
-12.530,-84.930,112.390
-5.770,-85.040,105.440
-5.770,-85.040,105.440
-5.770,-85.040,105.440
-5.770,-85.040,105.440
-5.770,-85.040,105.440
-6.500,-84.260,105.910
-6.500,-84.260,105.910
-8.430,-83.970,107.980
-9.040,-83.870,108.640
-9.040,-83.870,108.640
-9.040,-83.870,108.640
-8.630,-83.740,108.220
-6.880,-83.640,106.370
-6.880,-83.640,106.370
-5.820,-83.570,105.220
-5.070,-83.460,104.360
-4.650,-83.300,103.850
-4.650,-83.300,103.850
-5.930,-82.790,105.270
-5.930,-82.790,105.270
-6.930,-82.400,106.490
-7.880,-81.830,107.790
-7.880,-81.830,107.790
-8.400,-80.960,108.760
-8.400,-80.960,108.760
-8.250,-79.670,109.180
-8.250,-79.670,109.180
-8.250,-79.670,109.180
-8.250,-79.670,109.180
-4.100,-72.020,107.790
-2.400,-67.900,107.140
-2.400,-67.900,107.140
-1.070,-63.020,106.690
0.140,-57.590,105.770
0.140,-57.590,105.770
1.080,-51.750,104.290
1.840,-45.880,102.120
2.360,-40.330,99.900
2.670,-35.220,98.050
2.750,-30.550,96.610
2.750,-30.550,96.610
2.750,-30.550,96.610
2.750,-30.550,96.610
1.380,-18.000,90.380
1.380,-18.000,90.380
0.770,-16.350,87.960
0.620,-16.300,87.130
0.620,-16.300,87.130
0.580,-16.540,86.660
0.580,-16.540,86.660
0.610,-16.900,86.400
0.610,-16.900,86.400
0.670,-17.630,86.380
0.620,-17.870,86.520
0.520,-18.000,86.680
0.520,-18.000,86.680
0.370,-18.010,86.830
0.170,-17.850,86.940
-0.080,-17.510,87.000
-0.080,-17.510,87.000
-0.630,-16.300,86.920
-0.630,-16.300,86.920
-0.850,-15.450,86.820
-0.850,-15.450,86.820
-1.210,-13.190,86.510
-1.210,-13.190,86.510
-1.410,-11.820,86.330
-1.670,-10.340,86.150
-1.670,-10.340,86.150
-1.980,-8.820,85.980
-2.730,-5.850,85.620
-2.730,-5.850,85.620
-2.730,-5.850,85.620
-2.730,-5.850,85.620
-4.230,-1.330,85.060
-4.230,-1.330,85.060
-4.720,-0.140,85.150
-4.920,0.140,85.310
-4.920,0.140,85.310
-5.090,0.280,85.560
-5.090,0.280,85.560
-5.090,0.280,85.560
-5.090,0.280,85.560
-5.350,0.070,86.500
-5.370,-0.060,86.820
-5.350,-0.170,87.110
-5.350,-0.170,87.110
-5.330,-0.250,87.400
-5.330,-0.250,87.400
-5.330,-0.250,87.400
-5.200,-0.480,88.160
-5.200,-0.480,88.160
-5.150,-0.540,88.350
-5.020,-0.730,88.570
-4.950,-0.820,88.610
-4.870,-0.900,88.620
-4.870,-0.900,88.620
-4.770,-0.990,88.650
-4.770,-0.990,88.650
-4.480,-1.050,88.730
-4.480,-1.050,88.730
-3.910,-0.430,88.530
-3.910,-0.430,88.530
-3.560,0.350,88.220
-3.560,0.350,88.220
-3.560,0.350,88.220
-3.220,5.530,86.440
-3.220,5.530,86.440
-3.560,8.280,85.560
-3.560,8.280,85.560
-3.560,8.280,85.560
-3.560,8.280,85.560
-7.140,19.110,82.330
-7.140,19.110,82.330
-7.140,19.110,82.330
-7.140,19.110,82.330
-7.140,19.110,82.330
-7.140,19.110,82.330
-24.100,39.850,70.770
-24.100,39.850,70.770
-24.100,39.850,70.770
-24.100,39.850,70.770
-24.100,39.850,70.770
-43.810,49.260,51.940
-44.600,49.440,50.930
-43.270,49.320,51.530
-42.020,49.150,52.540
-42.020,49.150,52.540
-40.590,48.960,53.740
-40.590,48.960,53.740
-40.590,48.960,53.740
-37.640,48.540,56.280
-36.330,48.370,57.480
-36.330,48.370,57.480
-36.330,48.370,57.480
-34.470,48.190,59.330
-34.470,48.190,59.330
-33.340,48.160,60.650
-33.340,48.160,60.650
-33.340,48.160,60.650
-33.340,48.160,60.650
-33.340,48.160,60.650
-33.240,48.040,61.150
-33.240,48.010,61.240
-33.240,48.010,61.240
-33.240,48.010,61.240
-33.080,47.940,61.570
-33.080,47.940,61.570
-32.910,47.900,61.780
-32.680,47.850,62.020
-32.680,47.850,62.020
-32.420,47.790,62.280
-32.140,47.720,62.570
-32.140,47.720,62.570
-31.300,47.470,63.430
-31.300,47.470,63.430
-30.700,47.270,64.000
-30.700,47.270,64.000
-29.980,46.900,64.610
-29.980,46.900,64.610
-29.490,46.620,65.030
-29.490,46.620,65.030
-29.490,46.620,65.030
-29.490,46.620,65.030
-26.540,44.470,67.340
-26.540,44.470,67.340
-26.540,44.470,67.340
-26.540,44.470,67.340
-26.540,44.470,67.340
-21.630,39.760,71.400
-20.180,38.030,72.700
-20.180,38.030,72.700
-20.180,38.030,72.700
-20.180,38.030,72.700
-13.250,28.090,79.070
-11.220,24.970,80.780
-11.220,24.970,80.780
-11.220,24.970,80.780
-7.200,18.500,84.240
-7.200,18.500,84.240
-7.200,18.500,84.240
-2.390,10.260,88.230
-1.390,8.300,89.050
-1.390,8.300,89.050
-0.670,6.780,89.640
-0.670,6.780,89.640
-0.670,6.780,89.640
0.200,4.630,90.170
0.200,4.630,90.170
0.270,4.570,90.110
0.270,4.570,90.110
0.270,4.570,90.110
0.270,4.570,90.110
0.270,4.570,90.110
0.510,6.380,89.880
0.510,6.380,89.880
1.070,7.450,89.480
1.070,7.450,89.480
1.070,7.450,89.480
1.070,7.450,89.480
1.080,8.980,89.320
0.650,9.300,89.640
0.290,9.490,89.890
0.290,9.490,89.890
0.320,9.100,89.150
0.320,9.100,89.150
-0.160,9.190,88.920
-0.410,9.340,89.070
-0.410,9.340,89.070
-0.670,9.490,89.330
-0.860,9.560,89.550
-0.930,9.490,89.610
-0.900,9.260,89.460
-0.900,9.260,89.460
-0.900,9.260,89.460
-0.900,9.260,89.460
-0.900,9.260,89.460
-0.810,6.960,88.200
-0.810,6.960,88.200
-0.150,5.850,87.820
-0.150,5.850,87.820
-0.150,5.850,87.820
2.450,5.000,89.010
2.450,5.000,89.010
-1.170,3.840,86.870
-1.170,3.840,86.870
-1.170,3.840,86.870
-7.160,3.610,82.720
-7.050,3.950,83.130
-7.050,3.950,83.130
-5.200,4.130,85.990
-4.280,3.740,87.430
-4.300,3.160,88.230
-4.300,3.160,88.230
-4.820,2.710,88.560
-5.490,2.490,88.920
-5.490,2.490,88.920
-6.560,2.850,89.680
-7.020,3.220,89.850
-7.400,3.710,89.740
-7.400,3.710,89.740
-7.400,3.710,89.740
-7.190,4.910,89.440
-6.810,5.100,89.570
-6.330,5.370,89.810
-6.330,5.370,89.810
-6.330,5.370,89.810
-3.340,5.050,92.150
-2.570,4.950,92.800
-2.570,4.950,92.800
-1.450,4.700,93.670
-1.450,4.700,93.670
-1.100,4.030,94.220
-1.180,3.640,94.450
-1.180,3.640,94.450
-1.680,2.740,95.010
-1.680,2.740,95.010
-3.690,1.950,95.700
-3.690,1.950,95.700
-5.310,1.610,96.220
-5.310,1.610,96.220
-6.650,1.460,96.670
-6.650,1.460,96.670
-7.490,1.210,97.160
-7.490,1.210,97.160
-7.490,1.210,97.160
-7.850,0.720,98.150
-8.040,0.470,98.790
-8.040,0.470,98.790
-8.540,0.360,99.770
-8.540,0.360,99.770
-8.720,0.450,100.210
-8.650,0.530,100.280
-8.650,0.530,100.280
-8.500,0.600,100.280
-8.310,0.600,100.260
-8.170,0.530,100.250
-8.170,0.530,100.250
-8.170,0.530,100.250
-8.130,0.100,100.460
-8.170,-0.050,100.570
-8.170,-0.050,100.570
-8.170,-0.050,100.570
-8.350,-0.430,100.890
-8.350,-0.430,100.890
-8.350,-0.430,100.890
-8.580,-0.500,101.140
-8.580,-0.500,101.140
-8.620,-0.490,101.320
-8.620,-0.490,101.320
-8.620,-0.490,101.320
-8.620,-0.490,101.320
-8.740,-0.450,101.570
-8.740,-0.450,101.570
-8.820,-0.380,101.660
-8.830,-0.330,101.690
-8.830,-0.330,101.690
-8.840,-0.300,101.720
-8.840,-0.300,101.720
-8.840,-0.300,101.720
-8.840,-0.300,101.720
-8.890,-0.260,101.850
-8.890,-0.260,101.850
-8.890,-0.260,101.850
-8.890,-0.260,101.850
-8.890,-0.260,101.850
-8.820,-0.270,101.920
-8.790,-0.280,101.940
-8.790,-0.280,101.940
-8.790,-0.280,101.940
-8.790,-0.280,101.940
-8.750,-0.300,102.010
-8.740,-0.300,102.040
-8.740,-0.300,102.040
-8.730,-0.310,102.060
-8.710,-0.300,102.080
-8.680,-0.290,102.110
-8.680,-0.290,102.110
-8.680,-0.290,102.110
-8.670,-0.270,102.130
-8.690,-0.270,102.140
-8.690,-0.270,102.140
-8.700,-0.280,102.160
-8.700,-0.280,102.160
-8.700,-0.280,102.160
-8.700,-0.330,102.220
-8.690,-0.370,102.250
-8.670,-0.410,102.280
-8.650,-0.440,102.320
-8.650,-0.440,102.320
-8.610,-0.460,102.360
-8.610,-0.460,102.360
-8.370,-0.480,102.450
-8.120,-0.450,102.490
-7.740,-0.350,102.560
-7.740,-0.350,102.560
-7.740,-0.350,102.560
-6.380,-0.110,102.790
-6.380,-0.110,102.790
-6.380,-0.110,102.790
-1.310,-0.040,103.640
1.870,-0.030,104.150
1.870,-0.030,104.150
1.870,-0.030,104.150
16.250,0.380,104.450
16.250,0.380,104.450
16.250,0.380,104.450
16.250,0.380,104.450
16.250,0.380,104.450
16.250,0.380,104.450
16.250,0.380,104.450
16.250,0.380,104.450
26.480,-0.220,103.770
26.480,-0.220,103.770
26.320,-0.530,103.870
26.320,-0.530,103.870
26.240,-0.690,103.980
26.240,-0.690,103.980
26.240,-0.690,103.980
26.320,-0.640,103.990
26.320,-0.640,103.990
26.380,-0.560,104.000
26.460,-0.500,104.050
26.530,-0.470,104.130
26.530,-0.470,104.130
26.530,-0.470,104.130
26.620,-0.520,104.330
26.620,-0.520,104.330
26.670,-0.650,104.510
26.670,-0.650,104.510
26.670,-0.650,104.510
26.770,-0.770,104.670
26.770,-0.770,104.670
26.910,-0.840,104.800
27.000,-0.870,104.880
27.110,-0.900,104.960
27.110,-0.900,104.960
27.210,-0.920,105.030
27.290,-0.950,105.090
27.290,-0.950,105.090
27.340,-0.970,105.140
27.360,-0.990,105.190
27.360,-0.990,105.190
27.390,-1.000,105.300
27.390,-1.000,105.300
27.390,-1.000,105.300
27.390,-1.000,105.300
27.540,-0.910,105.570
27.540,-0.910,105.570
27.540,-0.910,105.570
27.700,-0.940,105.710
27.700,-0.940,105.710
27.750,-0.950,105.750
27.810,-0.970,105.800
27.810,-0.970,105.800
27.810,-0.970,105.800
27.810,-0.970,105.800
27.810,-0.970,105.800
28.030,-1.210,106.080
28.030,-1.210,106.080
28.030,-1.210,106.080
28.030,-1.210,106.080
27.480,-1.460,106.210
26.340,-1.450,106.040
26.340,-1.450,106.040
26.340,-1.450,106.040
20.450,-1.700,105.590
11.720,-2.050,105.340
11.720,-2.050,105.340
11.720,-2.050,105.340
4.680,-2.290,106.020
4.090,-2.270,106.060
4.090,-2.270,106.060
3.630,-2.230,105.860
3.500,-2.170,105.690
3.500,-2.170,105.690
3.500,-2.170,105.690
3.500,-2.170,105.690
3.170,-1.800,105.270
3.130,-1.730,105.290
3.130,-1.730,105.290
3.130,-1.730,105.290
3.450,-1.580,105.250
3.500,-1.550,105.190
3.500,-1.550,105.190
3.500,-1.550,105.190
3.500,-1.550,105.190
3.530,-1.490,105.110
3.490,-1.520,105.120
3.420,-1.560,105.120
3.280,-1.620,105.150
3.280,-1.620,105.150
3.180,-1.690,105.180
3.180,-1.690,105.180
3.050,-1.710,105.200
3.050,-1.710,105.200
2.950,-1.730,105.220
2.950,-1.730,105.220
2.950,-1.730,105.220
2.920,-1.770,105.280
2.920,-1.780,105.320
2.940,-1.780,105.360
2.940,-1.780,105.360
3.030,-1.790,105.440
3.030,-1.790,105.440
2.980,-1.810,105.460
2.980,-1.810,105.460
2.640,-1.810,105.390
1.690,-1.800,105.200
1.690,-1.800,105.200
1.690,-1.800,105.200
-3.190,-1.930,104.770
-3.190,-1.930,104.770
-17.130,-2.380,104.760
-21.650,-2.450,105.120
-21.650,-2.450,105.120
-27.950,-2.150,105.550
-27.950,-2.150,105.550
-27.950,-2.150,105.550
-27.950,-2.150,105.550
-32.010,-1.570,105.880
-32.390,-1.450,105.890
-32.480,-1.390,105.900
-32.480,-1.390,105.900
-32.290,-1.350,105.770
-32.290,-1.350,105.770
-32.290,-1.350,105.770
-32.050,-1.320,105.510
-32.050,-1.320,105.510
-31.900,-1.400,105.280
-31.900,-1.400,105.280
-31.900,-1.400,105.280
-31.900,-1.400,105.280
-31.900,-1.400,105.280
-31.850,-1.550,105.170
-31.850,-1.550,105.170
-31.850,-1.550,105.170
-31.640,-1.610,105.040
-31.640,-1.610,105.040
-31.610,-1.600,104.890
-31.610,-1.600,104.890
-31.590,-1.570,104.820
-31.570,-1.540,104.780
-31.570,-1.510,104.740
-31.570,-1.510,104.740
-31.600,-1.470,104.690
-31.670,-1.430,104.620
-31.740,-1.400,104.560
-31.740,-1.400,104.560
-31.740,-1.400,104.560
-31.880,-1.350,104.480
-31.880,-1.350,104.480
-31.940,-1.330,104.420
-31.940,-1.330,104.420
-31.940,-1.330,104.420
-32.020,-1.380,104.330
-32.020,-1.380,104.330
-32.040,-1.420,104.310
-32.040,-1.420,104.310
-32.040,-1.420,104.310
-32.030,-1.490,104.250
-32.030,-1.490,104.250
-32.030,-1.490,104.250
-31.990,-1.530,104.170
-31.950,-1.530,104.120
-31.950,-1.530,104.120
-31.900,-1.520,104.070
-31.860,-1.520,104.020
-31.860,-1.520,103.970
-31.860,-1.520,103.970
-31.880,-1.520,103.920
-31.880,-1.520,103.920
-31.890,-1.510,103.840
-31.870,-1.490,103.790
-31.860,-1.470,103.750
-31.860,-1.470,103.750
-31.860,-1.470,103.750
-31.670,-1.370,103.640
-31.480,-1.310,103.610
-31.480,-1.310,103.610
-31.120,-1.220,103.590
-30.390,-1.100,103.590
-30.390,-1.100,103.590
-29.070,-0.940,103.670
-26.930,-0.790,103.840
-26.930,-0.790,103.840
-23.900,-0.710,104.200
-23.900,-0.710,104.200
-23.900,-0.710,104.200
-15.640,-0.980,105.090
-15.640,-0.980,105.090
-10.980,-1.180,104.950
-6.870,-1.370,104.660
-6.870,-1.370,104.660
-1.990,-1.600,103.930
-1.990,-1.600,103.930
-1.040,-1.670,103.630
-1.040,-1.670,103.630
-1.040,-1.670,103.630
-0.510,-1.620,103.210
-0.510,-1.620,103.210
-0.570,-1.630,103.190
-0.570,-1.630,103.190
-0.870,-1.810,103.330
-0.870,-1.810,103.330
-1.120,-2.090,103.470
-1.120,-2.090,103.470
-1.040,-2.240,103.520
-0.950,-2.260,103.480
-0.910,-2.260,103.470
-0.910,-2.260,103.470
-0.910,-2.260,103.470
-0.990,-2.280,103.520
-0.990,-2.280,103.520
-1.080,-2.290,103.550
-1.160,-2.300,103.570
-1.160,-2.300,103.570
-1.240,-2.330,103.610
-1.240,-2.330,103.610
-1.240,-2.320,103.610
-1.240,-2.320,103.610
-1.150,-2.260,103.590
-1.150,-2.260,103.590
-1.150,-2.260,103.590
-1.150,-2.260,103.590
-1.150,-2.260,103.590
-0.820,-2.090,103.640
-0.820,-2.090,103.640
-0.820,-2.090,103.640
-0.770,-2.070,103.660
-0.770,-2.070,103.660
-0.770,-2.070,103.660
-0.770,-2.070,103.660
-0.770,-2.070,103.660
-0.750,-2.060,103.660
-0.750,-2.060,103.660
-0.690,-2.030,103.630
-0.690,-2.030,103.630
-0.620,-2.000,103.610
-0.620,-2.000,103.610
-0.620,-2.000,103.610
-0.470,-1.950,103.570
-0.470,-1.950,103.570
-0.470,-1.950,103.570
-0.490,-1.940,103.570
-0.500,-1.960,103.580
-0.430,-1.980,103.630
-0.190,-2.010,103.690
0.380,-2.030,103.800
0.380,-2.030,103.800
1.450,-2.080,104.050
3.280,-2.190,104.430
3.280,-2.190,104.430
9.300,-2.320,105.450
9.300,-2.320,105.450
9.300,-2.320,105.450
23.050,-2.700,106.680
23.050,-2.700,106.680
23.050,-2.700,106.680
29.280,-3.420,106.940
29.280,-3.420,106.940
29.280,-3.420,106.940
30.590,-4.180,106.330
30.590,-4.180,106.330
30.110,-4.100,106.220
30.110,-4.100,106.220
30.110,-4.100,106.220
29.140,-3.720,106.270
28.930,-3.540,106.350
28.930,-3.400,106.400
29.080,-3.300,106.400
29.080,-3.300,106.400
29.480,-3.240,106.360
29.480,-3.240,106.360
29.600,-3.270,106.340
29.600,-3.270,106.340
29.620,-3.330,106.330
29.620,-3.330,106.330
29.620,-3.330,106.330
29.410,-3.500,106.380
29.400,-3.520,106.440
29.400,-3.520,106.440
29.400,-3.520,106.440
29.400,-3.520,106.440
29.800,-3.480,106.500
29.870,-3.460,106.500
29.930,-3.430,106.500
29.930,-3.430,106.500
30.000,-3.400,106.520
30.090,-3.380,106.540
30.190,-3.370,106.590
30.270,-3.360,106.620
30.270,-3.360,106.620
30.430,-3.340,106.680
30.500,-3.320,106.710
30.500,-3.320,106.710
30.570,-3.290,106.740
30.630,-3.270,106.770
30.630,-3.270,106.770
30.630,-3.270,106.770
30.710,-3.230,106.840
30.710,-3.230,106.840
30.720,-3.240,106.890
30.720,-3.240,106.890
30.810,-3.300,107.040
30.810,-3.300,107.040
30.890,-3.400,107.180
30.890,-3.400,107.180
30.890,-3.400,107.180
30.600,-3.480,107.300
30.600,-3.480,107.300
28.880,-3.430,107.250
28.880,-3.430,107.250
26.540,-3.420,107.130
26.540,-3.420,107.130
12.650,-4.220,107.020
7.660,-4.420,107.270
7.660,-4.420,107.270
7.660,-4.420,107.270
1.670,-3.960,108.400
0.780,-3.560,108.620
0.780,-3.560,108.620
0.780,-3.560,108.620
0.780,-3.560,108.620
1.250,-2.780,108.090
1.660,-2.630,107.870
1.660,-2.630,107.870
1.660,-2.630,107.870
1.660,-2.630,107.870
1.660,-2.630,107.870
2.000,-2.120,107.130
1.680,-2.020,107.000
1.170,-1.850,106.840
1.170,-1.850,106.840
1.170,-1.850,106.840
1.170,-1.850,106.840
1.170,-1.850,106.840
1.420,-1.680,106.680
1.530,-1.690,106.640
1.530,-1.690,106.640
1.580,-1.730,106.580
1.560,-1.760,106.520
1.560,-1.760,106.520
1.490,-1.790,106.460
1.340,-1.830,106.390
1.260,-1.830,106.390
1.260,-1.830,106.390
1.180,-1.830,106.390
1.130,-1.830,106.390
1.090,-1.840,106.400
1.090,-1.840,106.400
1.090,-1.840,106.400
1.090,-1.840,106.400
1.090,-1.840,106.400
0.940,-1.920,106.310
0.870,-1.930,106.300
0.870,-1.930,106.300
0.870,-1.930,106.300
0.710,-1.930,106.280
0.660,-1.920,106.280
0.640,-1.900,106.280
0.640,-1.900,106.280
0.610,-1.860,106.270
0.620,-1.840,106.260
0.630,-1.820,106.250
0.630,-1.820,106.250
0.630,-1.820,106.250
0.410,-1.750,106.180
0.080,-1.720,106.110
0.080,-1.720,106.110
-0.610,-1.720,106.020
-0.610,-1.720,106.020
-2.070,-1.800,105.930
-2.070,-1.800,105.930
-4.690,-1.940,105.890
-8.670,-2.020,105.830
-8.670,-2.020,105.830
-8.670,-2.020,105.830
-19.050,-1.780,105.710
-19.050,-1.780,105.710
-19.050,-1.780,105.710
-19.050,-1.780,105.710
-31.840,-1.360,106.430
-34.170,-1.190,106.810
-35.560,-1.100,107.100
-36.140,-1.070,107.310
-36.140,-1.070,107.310
-36.140,-1.070,107.310
-35.910,-1.120,107.250
-35.110,-1.150,106.890
-35.110,-1.150,106.890
-35.110,-1.150,106.890
-34.500,-1.050,106.180
-34.520,-1.030,106.020
-34.600,-0.990,105.910
-34.600,-0.990,105.910
-34.770,-0.960,105.770
-34.770,-0.960,105.770
-34.750,-0.960,105.650
-34.750,-0.960,105.650
-34.670,-0.950,105.580
-34.570,-0.930,105.500
-34.570,-0.930,105.500
-34.570,-0.930,105.500
-34.570,-0.930,105.500
-34.570,-0.930,105.500
-34.540,-0.850,105.210
-34.550,-0.830,105.160
-34.560,-0.820,105.120
-34.590,-0.810,105.070
-34.590,-0.810,105.070
-34.700,-0.820,104.980
-34.700,-0.820,104.980
-34.750,-0.820,104.940
-34.770,-0.830,104.890
-34.770,-0.830,104.890
-34.770,-0.830,104.890
-34.700,-0.810,104.750
-34.620,-0.800,104.700
-34.620,-0.800,104.700
-34.500,-0.790,104.650
-34.500,-0.790,104.650
-33.790,-0.730,104.550
-33.790,-0.730,104.550
-33.790,-0.730,104.550
-31.330,-0.670,104.440
-28.990,-0.650,104.490
-25.930,-0.680,104.690
-25.930,-0.680,104.690
-25.930,-0.680,104.690
-25.930,-0.680,104.690
-14.070,-1.450,105.350
-14.070,-1.450,105.350
-5.920,-2.340,105.490
-5.920,-2.340,105.490
-5.920,-2.340,105.490
-5.920,-2.340,105.490
-0.150,-3.510,105.130
-0.150,-3.510,105.130
-0.200,-3.670,104.570
-0.200,-3.670,104.570
-0.650,-3.590,104.540
-0.650,-3.590,104.540
-1.260,-3.400,104.580
-1.260,-3.400,104.580
-1.260,-3.400,104.580
-0.800,-3.010,104.520
-0.740,-2.950,104.480
-0.740,-2.950,104.480
-0.770,-2.900,104.440
-0.770,-2.900,104.440
-0.980,-2.880,104.380
-0.980,-2.880,104.380
-1.080,-2.890,104.380
-1.110,-2.900,104.390
-1.110,-2.900,104.390
-0.660,-2.890,104.270
-0.660,-2.890,104.270
-0.660,-2.890,104.270
-0.070,-2.820,104.170
-0.070,-2.820,104.170
1.130,-2.750,104.160
1.130,-2.750,104.160
3.770,-2.740,104.200
3.770,-2.740,104.200
3.770,-2.740,104.200
3.770,-2.740,104.200
11.990,-2.660,104.480
11.990,-2.660,104.480
20.320,-2.120,104.280
20.320,-2.120,104.280
20.320,-2.120,104.280
20.320,-2.120,104.280
30.080,-1.690,103.780
30.080,-1.690,103.780
30.080,-1.690,103.780
30.080,-1.690,103.780
30.430,-2.070,103.840
30.430,-2.070,103.840
30.430,-2.070,103.840
30.150,-2.330,104.100
30.210,-2.370,104.170
30.210,-2.370,104.170
30.350,-2.380,104.190
30.350,-2.380,104.190
30.620,-2.390,104.260
30.620,-2.390,104.260
30.620,-2.390,104.260
30.490,-2.430,104.350
30.490,-2.430,104.350
30.300,-2.450,104.480
30.300,-2.450,104.480
30.300,-2.450,104.480
30.300,-2.450,104.480
30.300,-2.450,104.480
30.420,-2.380,104.770
30.400,-2.280,104.860
30.400,-2.280,104.860
30.400,-2.230,104.920
30.420,-2.170,104.980
30.420,-2.170,104.980
30.420,-2.170,104.980
30.420,-2.170,104.980
30.140,-2.040,105.120
29.430,-2.030,105.040
27.720,-2.040,104.830
20.280,-2.120,104.370
15.690,-2.130,104.260
15.690,-2.130,104.260
15.690,-2.130,104.260
7.690,-2.080,104.110
4.660,-1.920,104.160
2.600,-1.650,104.240
2.600,-1.650,104.240
0.820,-1.050,104.050
0.820,-1.050,104.050
0.440,-0.490,103.780
0.440,-0.490,103.780
0.440,-0.490,103.780
0.440,-0.490,103.780
0.440,-0.490,103.780
-1.080,0.350,103.240
-1.080,0.350,103.240
-1.080,0.350,103.240
-1.300,0.320,103.250
-1.300,0.320,103.250
-1.300,0.320,103.250
-1.300,0.320,103.250
-1.300,0.320,103.250
-1.060,0.070,103.260
-1.060,0.070,103.260
-1.060,0.070,103.260
-1.030,-0.090,103.320
-1.030,-0.090,103.320
-1.070,-0.170,103.390
-1.090,-0.190,103.420
-1.100,-0.200,103.470
-1.100,-0.200,103.470
-1.100,-0.200,103.470
-0.930,-0.190,103.670
-0.860,-0.180,103.700
-0.810,-0.160,103.710
-0.810,-0.160,103.710
-0.810,-0.160,103.710
-0.810,-0.160,103.710
-0.810,-0.160,103.710
-0.810,-0.160,103.710
-0.680,-0.080,103.690
-0.670,-0.090,103.670
-0.670,-0.090,103.670
-0.670,-0.090,103.670
-0.670,-0.090,103.670
-0.670,-0.090,103.670
-0.550,-0.330,103.570
-0.550,-0.330,103.570
-0.550,-0.330,103.570
-0.550,-0.330,103.570
-0.550,-0.330,103.570
-0.550,-0.330,103.570
-0.370,-2.690,102.790
-0.370,-2.690,102.790
-0.320,-4.120,102.390
-0.320,-4.120,102.390
-0.290,-9.200,101.510
-0.430,-12.900,101.170
-0.430,-12.900,101.170
-0.430,-12.900,101.170
-1.150,-21.740,100.530
-1.880,-26.330,100.430
-1.880,-26.330,100.430
-3.000,-30.700,100.720
-4.370,-34.590,101.350
-5.840,-37.850,102.250
-5.840,-37.850,102.250
-7.140,-40.430,103.160
-7.140,-40.430,103.160
-9.270,-44.580,104.640
-9.570,-45.120,104.720
-9.850,-45.390,104.760
-9.850,-45.390,104.760
-10.080,-45.470,104.750
-10.220,-45.370,104.670
-10.220,-45.370,104.670
-10.220,-45.370,104.670
-9.520,-44.330,103.720
-9.520,-44.330,103.720
-9.520,-44.330,103.720
-9.520,-44.330,103.720
-8.180,-43.840,102.590
-7.940,-43.900,102.410
-7.730,-44.000,102.270
-7.730,-44.000,102.270
-7.730,-44.000,102.270
-7.070,-44.310,101.820
-6.970,-44.380,101.730
-6.970,-44.380,101.730
-6.880,-44.420,101.660
-6.880,-44.420,101.660
-6.680,-44.390,101.590
-6.680,-44.390,101.590
-6.540,-44.320,101.550
-6.540,-44.320,101.550
-6.540,-44.320,101.550
-6.040,-43.440,101.480
-6.040,-43.440,101.480
-5.860,-42.900,101.590
-5.860,-42.900,101.590
-5.860,-42.900,101.590
-4.370,-38.770,101.460
-3.700,-36.330,101.240
-3.700,-36.330,101.240
-2.970,-33.350,100.920
-2.200,-29.920,100.380
-2.200,-29.920,100.380
-1.450,-22.520,98.980
-1.640,-19.160,98.260
-1.640,-19.160,98.260
-1.890,-16.270,97.550
-1.880,-13.950,97.000
-1.880,-13.950,97.000
-0.530,-10.660,96.310
-0.170,-10.550,96.290
-0.170,-10.550,96.290
-0.170,-10.550,96.290
-0.040,-11.100,96.290
-0.040,-11.100,96.290
-0.040,-11.100,96.290
-0.380,-12.070,96.380
-0.620,-12.490,96.420
-0.620,-12.490,96.420
-0.620,-12.490,96.420
-0.990,-13.070,96.460
-0.990,-13.070,96.460
-1.070,-13.220,96.460
-1.070,-13.220,96.460
-1.100,-13.280,96.460
-1.100,-13.290,96.440
-1.100,-13.290,96.440
-1.100,-13.260,96.410
-1.120,-13.170,96.390
-1.170,-13.060,96.380
-1.170,-13.060,96.380
-1.170,-13.060,96.380
-1.170,-13.060,96.380
-1.170,-13.060,96.380
-1.420,-12.240,96.410
-1.390,-12.190,96.400
-1.350,-12.160,96.390
-1.350,-12.160,96.390
-1.330,-12.160,96.380
-1.330,-12.160,96.380
-1.330,-12.160,96.380
-1.300,-12.260,96.350
-1.300,-12.260,96.350
-1.290,-12.330,96.350
-1.290,-12.330,96.350
-1.290,-12.330,96.350
-1.270,-12.450,96.410
-1.270,-12.450,96.410
-1.260,-12.470,96.440
-1.240,-12.490,96.470
-1.240,-12.490,96.470
-1.210,-12.500,96.500
-1.140,-12.510,96.580
-1.140,-12.510,96.580
-1.090,-12.450,96.670
-1.070,-12.370,96.730
-1.070,-12.370,96.730
-1.070,-12.370,96.730
-1.070,-12.370,96.730
-1.070,-12.370,96.730
-1.070,-12.370,96.730
-0.950,-9.210,97.510
-0.950,-9.210,97.510
-0.710,-7.300,97.740
-0.260,-4.820,98.000
-0.260,-4.820,98.000
-0.260,-4.820,98.000
-0.260,-4.820,98.000
1.130,6.050,98.380
1.130,6.050,98.380
1.130,6.050,98.380
1.130,6.050,98.380
1.130,6.050,98.380
-1.450,24.050,96.050
-3.390,30.720,94.110
-4.160,33.010,93.180
-4.760,34.590,92.450
-4.760,34.590,92.450
-5.680,36.110,91.610
-5.680,36.110,91.610
-6.130,36.160,91.550
-6.130,36.160,91.550
-6.210,35.880,91.660
-6.210,35.880,91.660
-6.240,35.520,91.800
-6.240,35.520,91.800
-6.240,35.520,91.800
-6.120,34.850,92.100
-5.980,34.610,92.270
-5.980,34.610,92.270
-5.980,34.610,92.270
-5.980,34.610,92.270
-5.550,34.320,92.690
-5.460,34.340,92.810
-5.440,34.410,92.870
-5.440,34.410,92.870
-5.440,34.660,92.960
-5.440,34.660,92.960
-5.470,34.830,92.980
-5.470,34.830,92.980
-5.510,35.010,92.990
-5.510,35.010,92.990
-5.510,35.010,92.990
-5.510,35.010,92.990
-5.590,35.590,92.950
-5.590,35.730,92.940
-5.590,35.730,92.940
-5.590,35.730,92.940
-5.590,35.730,92.940
-5.660,35.990,92.840
-5.620,35.960,92.840
-5.620,35.960,92.840
-5.590,35.890,92.800
-5.590,35.890,92.800
-5.550,35.760,92.760
-5.550,35.760,92.760
-5.550,35.760,92.760
-5.420,35.150,92.610
-5.330,34.540,92.490
-5.190,33.590,92.340
-5.190,33.590,92.340
-4.670,30.510,92.230
-4.670,30.510,92.230
-4.050,26.000,92.320
-3.840,23.320,92.460
-3.660,20.440,92.740
-3.660,20.440,92.740
-3.430,17.540,93.170
-3.430,17.540,93.170
-2.750,12.610,94.190
-2.750,12.610,94.190
-2.410,10.820,94.600
-2.410,10.820,94.600
-2.410,10.820,94.600
-1.820,8.550,95.110
-1.820,8.550,95.110
-1.560,7.500,95.230
-1.560,7.500,95.230
-1.560,7.500,95.230
-1.500,7.110,95.170
-1.500,7.110,95.170
-1.500,7.110,95.170
-1.500,7.110,95.170
-1.690,7.400,95.140
-1.780,7.580,95.160
-1.870,7.770,95.210
-1.870,7.770,95.210
-2.000,8.170,95.350
-2.000,8.170,95.350
-2.090,8.330,95.410
-2.090,8.330,95.410
-2.090,8.330,95.410
-2.090,8.330,95.410
-2.430,8.590,95.650
-2.430,8.590,95.650
-2.430,8.590,95.650
-2.580,8.440,95.910
-2.580,8.440,95.910
-2.620,8.310,96.040
-2.620,8.310,96.040
-2.620,8.310,96.040
-2.620,8.310,96.040
-2.420,8.170,96.320
-2.420,8.170,96.320
-2.370,8.150,96.350
-2.370,8.150,96.350
-2.270,8.070,96.400
-2.180,7.990,96.420
-2.180,7.990,96.420
-2.180,7.990,96.420
-2.180,7.990,96.420
-1.850,7.410,96.420
-1.750,6.990,96.350
-1.750,6.990,96.350
-1.520,5.310,96.070
-1.320,3.770,95.820
-1.320,3.770,95.820
-1.320,3.770,95.820
-0.010,-4.650,94.710
-0.010,-4.650,94.710
0.670,-8.680,94.340
0.670,-8.680,94.340
2.280,-17.750,94.080
2.280,-17.750,94.080
4.890,-30.290,94.520
4.890,-30.290,94.520
6.430,-36.320,94.200
6.430,-36.320,94.200
7.040,-38.620,93.830
7.580,-40.500,93.360
7.970,-42.040,92.850
7.970,-42.040,92.850
7.970,-42.040,92.850
8.240,-44.140,91.980
8.110,-44.710,91.720
7.900,-45.020,91.540
7.630,-45.160,91.440
7.630,-45.160,91.440
7.320,-45.180,91.440
7.320,-45.180,91.440
6.820,-45.030,91.580
6.820,-45.030,91.580
6.820,-45.030,91.580
6.870,-44.850,91.460
6.870,-44.850,91.460
6.970,-44.840,91.370
7.120,-44.900,91.240
7.120,-44.900,91.240
7.120,-44.900,91.240
7.120,-44.900,91.240
7.710,-45.430,90.650
7.800,-45.580,90.540
7.800,-45.580,90.540
7.940,-45.780,90.350
8.010,-45.840,90.270
8.010,-45.840,90.270
8.130,-45.860,90.140
8.130,-45.860,90.140
8.190,-45.820,90.090
8.190,-45.820,90.090
8.190,-45.820,90.090
8.290,-45.570,89.970
8.290,-45.570,89.970
8.290,-45.570,89.970
8.190,-45.050,89.900
8.190,-45.050,89.900
8.190,-45.050,89.900
8.190,-45.050,89.900
7.140,-42.690,90.550
7.140,-42.690,90.550
6.770,-41.710,90.810
6.770,-41.710,90.810
6.770,-41.710,90.810
5.230,-37.040,91.830
5.230,-37.040,91.830
4.520,-34.650,92.290
4.520,-34.650,92.290
3.690,-31.820,92.800
3.690,-31.820,92.800
2.770,-28.660,93.330
1.840,-25.300,93.890
0.370,-18.390,94.910
0.370,-18.390,94.910
0.370,-18.390,94.910
-0.480,-12.120,95.030
-0.720,-9.640,94.890
-0.830,-7.700,94.740
-0.830,-7.700,94.740
-0.830,-7.700,94.740
-0.350,-4.970,94.710
-0.350,-4.970,94.710
-0.350,-4.970,94.710
0.420,-4.880,95.130
0.420,-4.880,95.130
0.840,-5.120,95.340
1.290,-5.430,95.530
1.710,-5.790,95.670
1.710,-5.790,95.670
2.020,-6.180,95.770
2.020,-6.180,95.770
2.240,-6.940,95.880
2.200,-7.260,95.900
2.140,-7.540,95.920
2.080,-7.800,95.960
2.080,-7.800,95.960
2.080,-7.800,95.960
2.080,-7.800,95.960
1.880,-8.280,96.200
1.880,-8.280,96.200
1.720,-8.320,96.420
1.720,-8.320,96.420
1.720,-8.320,96.420
1.560,-8.020,96.690
1.560,-8.020,96.690
1.460,-7.750,96.830
1.460,-7.750,96.830
1.190,-6.910,97.190
1.190,-6.910,97.190
0.880,-5.420,97.730
0.880,-5.420,97.730
0.880,-5.420,97.730
0.460,-2.960,98.490
0.460,-2.960,98.490
0.460,-2.960,98.490
0.460,-2.960,98.490
-0.210,3.810,100.160
-0.210,3.810,100.160
-0.320,10.960,101.720
-0.320,10.960,101.720
-0.320,10.960,101.720
-0.320,10.960,101.720
-0.320,10.960,101.720
-0.320,10.960,101.720
-0.320,10.960,101.720
-0.320,10.960,101.720
-0.320,10.960,101.720
-9.220,49.350,94.970
-9.220,49.350,94.970
-12.930,53.800,91.220
-12.930,53.800,91.220
-12.930,53.800,91.220
-15.930,56.190,88.220
-16.990,56.900,87.110
-17.700,57.380,86.340
-17.700,57.380,86.340
-17.700,57.380,86.340
-18.290,57.830,85.580
-18.290,57.830,85.580
-18.290,57.830,85.580
-17.740,57.720,86.090
-17.740,57.720,86.090
-17.740,57.720,86.090
-16.940,57.520,87.000
-16.940,57.520,87.000
-16.810,57.540,87.160
-16.810,57.540,87.160
-16.810,57.540,87.160
-16.800,57.820,87.310
-16.910,58.070,87.310
-16.910,58.070,87.310
-16.960,58.180,87.300
-17.040,58.270,87.240
-17.040,58.270,87.240
-17.050,58.300,87.230
-17.050,58.300,87.230
-16.930,58.120,87.290
-16.750,57.820,87.380
-16.750,57.820,87.380
-16.750,57.820,87.380
-16.750,57.820,87.380
-15.100,54.130,88.610
-14.430,52.420,89.070
-14.430,52.420,89.070
-13.610,50.360,89.580
-12.610,48.000,90.160
-12.610,48.000,90.160
-10.350,42.400,91.620
-9.280,39.200,92.470
-9.280,39.200,92.470
-7.570,32.020,93.890
-7.570,32.020,93.890
-5.820,23.960,95.060
-5.820,23.960,95.060
-4.800,19.960,95.550
-4.800,19.960,95.550
-3.750,16.220,95.910
-2.760,12.900,96.180
-1.850,10.080,96.380
-1.850,10.080,96.380
-1.060,7.740,96.540
-1.060,7.740,96.540
0.090,4.450,96.750
0.090,4.450,96.750
0.440,3.390,96.800
0.440,3.390,96.800
0.440,3.390,96.800
0.500,1.810,96.820
0.240,1.560,96.820
0.240,1.560,96.820
-0.100,1.360,96.860
-0.870,1.050,97.030
-1.240,0.900,97.160
-1.240,0.900,97.160
-1.560,0.760,97.330
-1.560,0.760,97.330
-1.560,0.760,97.330
-2.220,0.430,97.800
-2.360,0.330,97.930
-2.360,0.330,97.930
-2.360,0.330,97.930
-2.650,0.100,98.190
-2.650,0.100,98.190
-2.890,-0.100,98.440
-2.970,-0.190,98.560
-3.030,-0.260,98.650
-3.030,-0.260,98.650
-3.080,-0.310,98.740
-3.120,-0.340,98.820
-3.120,-0.340,98.820
-3.150,-0.360,98.890
-3.150,-0.360,98.890
-3.180,-0.390,99.010
-3.180,-0.390,99.010
-3.250,-0.410,99.130
-3.250,-0.410,99.130
-3.360,-0.440,99.250
-3.400,-0.470,99.320
-3.400,-0.470,99.320
-3.400,-0.470,99.320
-3.440,-0.490,99.440
-3.440,-0.490,99.440
-3.440,-0.490,99.440
-3.450,-0.400,99.520
-3.450,-0.400,99.520
-3.460,-0.360,99.650
-3.460,-0.330,99.700
-3.460,-0.300,99.750
-3.460,-0.300,99.750
-3.450,-0.250,99.840
-3.450,-0.250,99.840
-3.430,-0.220,99.950
-3.430,-0.220,99.950
-3.430,-0.220,99.950
-3.430,-0.220,99.950
-3.360,-0.220,100.190
-3.320,-0.220,100.260
-3.320,-0.220,100.260
-3.320,-0.220,100.260
-3.250,-0.200,100.380
-3.250,-0.200,100.380
-3.250,-0.200,100.380
-3.170,-0.170,100.580
-3.170,-0.170,100.580
-3.170,-0.170,100.580
-3.080,-0.110,100.740
-3.080,-0.110,100.740
-3.070,-0.090,100.790
-3.100,-0.080,100.910
-3.100,-0.080,100.910
-3.100,-0.080,100.910
-3.100,-0.080,100.910
-3.100,-0.100,101.120
-3.100,-0.100,101.120
-3.100,-0.100,101.120
-3.070,-0.090,101.310
-3.070,-0.090,101.310
-3.070,-0.090,101.310
-3.070,-0.090,101.310
-3.080,-0.060,101.520
-3.090,-0.060,101.580
-3.090,-0.060,101.580
-3.110,-0.070,101.640
-3.120,-0.080,101.710
-3.120,-0.080,101.710
-3.120,-0.090,101.780
-3.100,-0.110,101.870
-3.100,-0.110,101.870
-3.090,-0.150,102.050
-3.100,-0.180,102.160
-3.100,-0.180,102.160
-3.170,-0.220,102.400
-3.170,-0.220,102.400
-3.190,-0.240,102.520
-3.220,-0.250,102.620
-3.250,-0.260,102.710
-3.250,-0.260,102.710
-3.290,-0.260,102.860
-3.300,-0.260,102.910
-3.300,-0.260,102.910
-3.300,-0.250,102.960
-3.300,-0.250,102.960
-3.300,-0.250,102.960
-3.260,-0.270,103.070
-3.240,-0.280,103.130
-3.220,-0.290,103.190
-3.220,-0.290,103.190
-3.200,-0.300,103.250
-3.180,-0.310,103.320
-3.150,-0.320,103.390
-3.150,-0.320,103.390
-3.110,-0.320,103.650
-3.110,-0.320,103.650
-3.080,-0.290,103.930
-3.080,-0.290,103.930
-2.710,-0.210,105.300
-2.710,-0.210,105.300
-2.710,-0.210,105.300
-2.710,-0.210,105.300
-2.710,-0.210,105.300
-1.200,-1.190,114.320
-1.200,-1.190,114.320
-0.790,-1.650,118.310
-0.220,-2.280,127.750
-0.220,-2.280,127.750
-0.110,-2.290,132.870
-0.110,-2.290,132.870
-0.110,-2.290,132.870
-0.490,-1.530,148.120
-0.490,-1.530,148.120
-0.900,-0.940,156.370
-1.380,-0.660,159.700
-2.020,-0.290,162.510
-2.020,-0.290,162.510
-2.020,-0.290,162.510
-2.020,-0.290,162.510
-2.020,-0.290,162.510
-4.610,1.230,170.260
-5.140,1.540,171.440
-5.630,1.820,172.350
-6.040,2.040,173.010
-6.040,2.040,173.010
-6.330,2.170,173.470
-6.330,2.170,173.470
-6.510,2.190,173.770
-6.570,2.110,173.990
-6.570,2.110,173.990
-6.400,1.710,174.230
-6.400,1.710,174.230
-6.110,1.250,174.260
-6.110,1.250,174.260
-5.970,1.050,174.270
-5.820,0.890,174.290
-5.680,0.770,174.300
-5.560,0.660,174.340
-5.500,0.580,174.380
-5.500,0.580,174.380
-5.460,0.440,174.540
-5.460,0.440,174.540
-5.460,0.360,174.680
-5.470,0.270,174.840
-5.460,0.140,175.020
-5.460,0.140,175.020
-5.460,0.140,175.020
-5.290,-0.170,175.490
-4.990,-0.530,175.920
-4.990,-0.530,175.920
-4.990,-0.530,175.920
-4.990,-0.530,175.920
-4.910,-0.840,176.070
-4.970,-0.830,175.950
-4.970,-0.830,175.950
-4.970,-0.830,175.950
-5.060,-0.730,175.560
-5.070,-0.620,175.320
-5.070,-0.620,175.320
-5.070,-0.620,175.320
-5.070,-0.620,175.320
-4.060,-0.070,174.870
-4.060,-0.070,174.870
-3.290,-0.260,173.890
-3.290,-0.260,173.890
-3.290,-0.260,173.890
-2.990,-0.820,172.720
-2.860,-1.200,172.010
-2.860,-1.200,172.010
-2.760,-1.640,171.290
-2.760,-1.640,171.290
-2.760,-1.640,171.290
-2.910,-3.040,169.050
-3.330,-3.600,167.380
-3.570,-3.800,166.540
-3.570,-3.800,166.540
-3.570,-3.800,166.540
-4.020,-4.100,164.340
-4.020,-4.100,164.340
-4.020,-4.100,164.340
-4.020,-4.100,164.340
-4.270,-3.620,162.490
-4.270,-3.620,162.490
-4.270,-3.620,162.490
-4.270,-3.620,162.490
-4.270,-3.620,162.490
-4.270,-3.620,162.490
-5.110,-1.940,153.140
-5.110,-1.940,153.140
-5.110,-1.940,153.140
-5.290,-1.000,143.460
-5.290,-1.000,143.460
-5.290,-1.000,143.460
-5.740,-0.500,131.170
-5.740,-0.500,131.170
-6.140,-0.860,118.200
-6.140,-0.860,118.200
-6.660,-2.150,106.530
-6.660,-2.150,106.530
-6.660,-2.150,106.530
-6.660,-2.150,106.530
-8.450,-5.020,95.490
-8.450,-5.020,95.490
-8.980,-6.430,92.710
-8.980,-6.430,92.710
-8.980,-6.430,92.710
-8.600,-7.160,91.570
-8.600,-7.160,91.570
-7.370,-7.480,90.720
-6.630,-7.480,90.240
-5.900,-7.350,89.760
-5.900,-7.350,89.760
-5.900,-7.350,89.760
-4.590,-6.980,88.700
-4.110,-6.920,88.210
-4.110,-6.920,88.210
-4.110,-6.920,88.210
-3.670,-7.190,87.390
-3.610,-7.430,87.020
-3.610,-7.700,86.670
-3.610,-7.700,86.670
-3.610,-7.700,86.670
-3.600,-8.280,86.190
-3.600,-8.280,86.190
-3.600,-8.280,86.190
-3.600,-8.280,86.190
-3.600,-8.280,86.190
-3.980,-9.190,85.210
-4.050,-9.320,84.940
-4.050,-9.320,84.940
-4.110,-9.410,84.720
-4.220,-9.470,84.530
-4.220,-9.470,84.530
-4.420,-9.470,84.360
-4.420,-9.470,84.360
-4.420,-9.470,84.360
-5.130,-8.940,84.230
-5.130,-8.940,84.230
-5.130,-8.940,84.230
-5.130,-8.940,84.230
-5.360,-8.290,84.540
-5.360,-8.290,84.540
-5.360,-8.290,84.540
-5.470,-7.730,84.740
-5.430,-7.630,84.730
-5.430,-7.630,84.730
-5.260,-7.620,84.660
-5.260,-7.620,84.660
-5.260,-7.620,84.660
-5.150,-7.720,84.600
-5.180,-7.700,84.550
-5.180,-7.700,84.550
-5.180,-7.700,84.550
-5.540,-7.410,84.530
-5.540,-7.410,84.530
-5.540,-7.410,84.530
-5.710,-7.130,84.690
-5.710,-7.130,84.690
-5.710,-7.130,84.690
-5.910,-7.150,84.660
-5.910,-7.150,84.660
-5.910,-7.150,84.660
-5.810,-7.510,84.620
-5.570,-7.780,84.730
-5.570,-7.780,84.730
-5.310,-8.110,84.880
-5.310,-8.110,84.880
-5.310,-8.110,84.880
-5.120,-8.650,85.250
-5.360,-8.480,85.060
-5.360,-8.480,85.060
-5.360,-8.480,85.060
-5.590,-8.240,84.810
-5.590,-8.240,84.810
-5.640,-8.080,84.680
-5.640,-8.080,84.680
-5.640,-8.080,84.680
-5.500,-7.980,84.670
-5.500,-7.980,84.670
-5.500,-7.980,84.670
-5.180,-7.870,84.610
-5.180,-7.870,84.610
-5.180,-7.870,84.610
-5.180,-7.870,84.610
-5.030,-7.660,84.440
-5.030,-7.660,84.440
-5.030,-7.660,84.440
-5.030,-7.660,84.440
-5.030,-7.660,84.440
-5.030,-7.660,84.440
-5.030,-7.660,84.440
-4.330,-7.460,84.030
-4.330,-7.460,84.030
-4.100,-7.460,83.950
-4.060,-7.430,83.900
-4.060,-7.430,83.900
-4.080,-7.310,83.720
-4.080,-7.310,83.720
-4.140,-7.220,83.640
-4.220,-7.150,83.590
-4.280,-7.100,83.560
-4.280,-7.100,83.560
-4.320,-7.070,83.590
-4.340,-7.080,83.650
-4.350,-7.060,83.720
-4.370,-7.060,83.760
-4.370,-7.060,83.760
-4.390,-7.050,83.800
-4.420,-7.030,83.830
-4.420,-7.030,83.830
-4.420,-7.030,83.830
-4.420,-7.030,83.830
-4.720,-6.700,83.760
-4.730,-6.630,83.730
-4.730,-6.630,83.730
-4.740,-6.580,83.700
-4.740,-6.580,83.700
-4.740,-6.580,83.700
-4.740,-6.580,83.700
-4.740,-6.580,83.700
-4.740,-6.580,83.700
-4.280,-6.940,83.740
-4.280,-6.940,83.740
-4.230,-7.010,83.670
-4.230,-7.010,83.670
-4.200,-7.140,83.720
-4.130,-7.250,83.810
-4.130,-7.250,83.810
-4.000,-7.400,83.930
-4.000,-7.400,83.930
-3.830,-7.580,84.060
-3.830,-7.580,84.060
-3.660,-7.770,84.180
-3.660,-7.770,84.180
-3.660,-7.770,84.180
-3.660,-7.770,84.180
-3.390,-8.150,84.470
-3.590,-8.040,84.370
-3.730,-7.940,84.370
-3.980,-7.700,84.520
-4.060,-7.600,84.620
-4.060,-7.600,84.620
-4.090,-7.510,84.710
-4.120,-7.420,84.780
-4.170,-7.330,84.840
-4.170,-7.330,84.840
-4.170,-7.330,84.840
-4.290,-7.110,84.980
-4.290,-7.110,84.980
-4.340,-6.900,85.140
-4.340,-6.900,85.140
-4.340,-6.820,85.200
-4.340,-6.820,85.200
-4.340,-6.820,85.200
-4.340,-6.650,85.330
-4.340,-6.650,85.330
-4.340,-6.650,85.330
-4.340,-6.650,85.330
-4.640,-6.120,85.260
-4.640,-6.120,85.260
-4.720,-5.970,85.050
-4.720,-5.970,85.050
-4.920,-5.980,85.170
-4.920,-5.980,85.170
-4.920,-5.980,85.170
-4.920,-5.980,85.170
-5.250,-6.130,85.690
-5.250,-6.130,85.690
-5.250,-6.130,85.690
-5.250,-6.130,85.690
-5.560,-6.370,86.250
-5.610,-6.400,86.260
-5.610,-6.400,86.260
-5.730,-6.520,86.130
-5.770,-6.630,86.140
-5.770,-6.630,86.140
-5.770,-6.630,86.140
-5.710,-6.840,86.410
-5.710,-6.840,86.410
-5.690,-6.890,86.520
-5.690,-6.890,86.520
-5.750,-6.870,86.530
-5.880,-6.800,86.440
-5.880,-6.800,86.440
-6.090,-6.760,86.300
-6.330,-6.760,86.150
-6.500,-6.740,86.000
-6.560,-6.710,85.870
-6.540,-6.690,85.710
-6.540,-6.690,85.710
-6.540,-6.690,85.710
-6.530,-6.930,85.160
-6.530,-6.930,85.160
-6.530,-6.930,85.160
-6.410,-7.110,84.770
-6.410,-7.110,84.770
-6.410,-7.110,84.770
-6.050,-6.510,84.820
-6.050,-6.510,84.820
-6.050,-6.510,84.820
-5.690,-5.110,84.940
-5.690,-5.110,84.940
-5.500,-4.720,84.960
-5.500,-4.720,84.960
-5.500,-4.720,84.960
-5.000,-4.410,85.110
-5.000,-4.410,85.110
-4.770,-4.400,85.140
-4.620,-4.430,85.120
-4.620,-4.430,85.120
-4.620,-4.430,85.120
-4.620,-4.430,85.120
-4.660,-4.840,84.980
-4.760,-4.970,84.960
-4.760,-4.970,84.960
-4.850,-5.130,84.970
-4.850,-5.130,84.970
-4.850,-5.390,85.110
-4.750,-5.520,85.200
-4.750,-5.520,85.200
-4.610,-5.640,85.300
-4.460,-5.720,85.460
-4.310,-5.820,85.740
-4.310,-5.820,85.740
-4.310,-5.820,85.740
-4.310,-5.820,85.740
-3.920,-6.230,88.350
-3.790,-6.420,90.290
-3.790,-6.420,90.290
-3.670,-6.640,93.230
-3.670,-6.640,93.230
-3.670,-6.640,93.230
-3.670,-6.640,93.230
-3.670,-6.640,93.230
-3.710,-7.880,120.410
-4.050,-7.490,129.120
-4.050,-7.490,129.120
-4.730,-6.440,136.660
-4.730,-6.440,136.660
-7.790,-3.100,150.730
-7.790,-3.100,150.730
-7.790,-3.100,150.730
-8.600,-1.630,156.290
-8.600,-1.630,156.290
-8.170,-0.540,159.310
-8.170,-0.540,159.310
-7.700,-0.130,160.180
-7.010,0.290,160.960
-7.010,0.290,160.960
-6.200,0.700,161.610
-4.750,1.280,162.300
-4.750,1.280,162.300
-4.750,1.280,162.300
-3.700,1.570,162.700
-3.700,1.570,162.700
-2.980,1.550,163.000
-2.980,1.550,163.000
-2.980,1.550,163.000
-2.270,1.090,163.480
-2.270,1.090,163.480
-2.030,0.880,163.760
-2.010,0.800,163.900
-2.030,0.790,164.120
-2.030,0.790,164.120
-2.200,0.850,164.580
-2.200,0.850,164.580
-2.200,0.850,164.580
-2.200,0.850,164.580
-2.200,0.850,164.580
-2.460,0.700,165.240
-2.460,0.700,165.240
-2.460,0.700,165.240
-2.250,0.480,165.540
-2.250,0.480,165.540
-2.170,0.390,165.690
-2.170,0.390,165.690
-2.170,0.390,165.690
-2.170,0.260,165.810
-2.210,0.210,165.850
-2.210,0.210,165.850
-2.270,0.110,165.990
-2.270,0.110,165.990
-2.270,0.110,165.990
-2.280,0.050,166.140
-2.280,0.050,166.140
-2.280,0.050,166.140
-2.290,-0.020,166.170
-2.270,-0.060,166.220
-2.240,-0.120,166.290
-2.240,-0.120,166.290
-2.240,-0.120,166.290
-2.150,-0.470,166.490
-2.150,-0.470,166.490
-2.220,-0.550,166.570
-2.230,-0.570,166.640
-2.230,-0.570,166.640
-2.230,-0.570,166.640
-2.230,-0.570,166.640
-2.310,-0.470,166.990
-2.370,-0.430,167.050
-2.370,-0.430,167.050
-2.370,-0.430,167.050
-2.530,-0.450,167.110
-2.530,-0.450,167.110
-2.560,-0.480,167.090
-2.550,-0.510,167.040
-2.540,-0.600,166.660
-2.540,-0.600,166.660
-2.510,-0.640,166.400
-2.510,-0.640,166.400
-2.510,-0.640,166.400
-2.200,-0.620,166.070
-2.060,-0.650,165.900
-2.060,-0.650,165.900
-2.090,-0.770,165.490
-2.090,-0.770,165.490
-2.090,-0.770,165.490
-2.360,-1.020,164.920
-2.390,-1.300,164.210
-2.240,-1.370,163.730
-2.240,-1.370,163.730
-2.240,-1.370,163.730
-2.240,-1.370,163.730
-2.710,-1.330,159.070
-4.300,-1.050,152.010
-4.910,-0.790,147.560
-4.910,-0.790,147.560
-5.230,-0.340,142.750
-5.510,1.270,132.390
-5.510,1.270,132.390
-6.480,3.510,121.610
-6.480,3.510,121.610
-6.260,4.590,117.120
-6.260,4.590,117.120
-5.340,5.420,113.250
-5.340,5.420,113.250
-5.340,5.420,113.250
-3.110,6.390,105.860
-3.110,6.390,105.860
-3.110,6.390,105.860
-2.240,7.340,98.520
-2.240,7.340,98.520
-2.240,7.340,98.520
-1.990,8.380,90.320
-1.990,8.380,90.320
-1.990,8.380,90.320
-1.990,8.380,90.320
-1.990,8.380,90.320
-1.870,8.870,84.450
-1.870,8.870,84.450
-1.870,8.870,84.450
-2.000,8.640,82.930
-2.000,8.640,82.930
-2.270,7.720,81.790
-2.270,7.720,81.790
-2.300,7.270,81.630
-2.300,7.270,81.630
-2.300,6.290,81.500
-2.290,5.800,81.520
-2.290,5.800,81.520
-2.390,4.830,81.580
-2.530,3.940,81.820
-2.530,3.940,81.820
-2.530,3.940,81.820
-2.660,3.250,82.070
-2.660,3.250,82.070
-2.660,3.250,82.070
-2.880,2.500,82.300
-2.870,2.350,82.410
-2.870,2.350,82.410
-2.810,2.220,82.520
-2.720,2.120,82.610
-2.720,2.120,82.610
-2.720,2.120,82.610
-2.720,2.120,82.610
-2.720,2.120,82.610
-2.350,1.700,82.980
-2.380,1.590,83.030
-2.380,1.590,83.030
-2.390,1.490,83.050
-2.370,1.390,83.070
-2.370,1.390,83.070
-2.320,1.300,83.110
-2.250,1.210,83.200
-2.250,1.210,83.200
-2.150,1.130,83.330
-2.060,1.060,83.490
-2.060,1.060,83.490
-2.000,0.990,83.630
-2.000,0.990,83.630
-1.980,0.910,83.740
-2.000,0.740,83.950
-1.980,0.670,84.100
-1.980,0.670,84.100
-1.980,0.670,84.100
-1.910,0.540,84.450
-1.890,0.330,84.700
-1.890,0.330,84.700
-1.890,0.330,84.700
-1.750,0.080,85.240
-1.750,0.080,85.240
-1.700,-0.050,85.530
-1.700,-0.050,85.530
-1.700,-0.050,85.530
-1.830,-0.330,85.920
-1.880,-0.490,86.070
-1.880,-0.490,86.070
-1.880,-0.490,86.070
-1.880,-0.490,86.070
-1.770,-0.890,86.430
-1.770,-0.890,86.430
-1.660,-1.120,86.460
-1.580,-1.250,86.470
-1.580,-1.250,86.470
-1.580,-1.250,86.470
-1.500,-1.480,86.360
-1.500,-1.480,86.360
-1.530,-1.420,86.340
-1.530,-1.420,86.340
-1.530,-1.270,86.420
-1.530,-1.270,86.420
-1.460,-1.240,86.930
-1.460,-1.240,86.930
-1.430,-1.830,87.130
-1.430,-1.830,87.130
-1.460,-2.080,87.060
-1.460,-2.080,87.060
-1.420,-2.280,87.020
-1.420,-2.280,87.020
-1.420,-2.280,87.020
-1.040,-2.980,87.200
-1.040,-2.980,87.200
-1.040,-2.980,87.200
-0.540,-4.590,87.090
-0.540,-4.590,87.090
-0.270,-4.810,87.170
0.730,-5.020,87.570
0.730,-5.020,87.570
2.240,-5.400,87.890
2.240,-5.400,87.890
2.240,-5.400,87.890
2.240,-5.400,87.890
2.240,-5.400,87.890
5.600,-7.570,86.310
6.180,-8.100,85.620
6.680,-8.570,84.780
6.680,-8.570,84.780
7.040,-8.990,83.780
7.290,-9.390,82.720
7.290,-9.390,82.720
7.500,-9.760,81.710
7.610,-10.140,80.910
7.610,-10.140,80.910
7.610,-10.140,80.910
7.610,-10.140,80.910
7.480,-11.030,80.450
7.480,-11.030,80.450
7.050,-10.800,80.590
5.930,-10.320,80.050
5.930,-10.320,80.050
5.380,-10.210,79.430
5.380,-10.210,79.430
5.380,-10.210,79.430
4.170,-10.020,78.270
4.170,-10.020,78.270
4.170,-10.020,78.270
3.250,-9.920,77.440
3.190,-9.880,77.270
3.460,-9.860,77.340
3.460,-9.860,77.340
3.970,-9.880,77.760
4.650,-10.000,78.380
5.310,-10.120,79.220
5.790,-10.150,80.200
5.790,-10.150,80.200
5.920,-10.010,81.170
5.920,-10.010,81.170
4.980,-9.160,82.990
4.980,-9.160,82.990
4.980,-9.160,82.990
3.140,-7.690,84.650
3.140,-7.690,84.650
3.140,-7.690,84.650
0.550,-5.040,88.960
0.300,-4.250,90.460
0.300,-4.250,90.460
0.150,-3.440,91.900
0.150,-3.440,91.900
0.150,-3.440,91.900
0.430,-1.650,96.040
0.430,-1.650,96.040
0.460,-1.850,96.350
0.460,-1.850,96.350
0.380,-2.720,95.810
0.380,-2.720,95.810
0.230,-3.570,93.320
0.230,-3.570,93.320
0.230,-3.570,93.320
0.070,-3.850,84.130
0.070,-3.850,84.130
0.070,-3.850,84.130
0.070,-3.850,84.130
1.160,-2.830,58.460
1.680,-2.700,50.400
1.680,-2.700,50.400
2.810,-2.760,34.350
2.810,-2.760,34.350
3.150,-2.940,27.100
3.150,-2.940,27.100
4.010,-3.790,16.130
4.010,-3.790,16.130
4.010,-3.790,16.130
4.010,-3.790,16.130
4.010,-3.790,16.130
5.960,-4.230,6.870
5.960,-4.230,6.870
5.960,-4.230,6.870
5.750,-3.860,4.970
5.390,-3.840,4.600
5.390,-3.840,4.600
5.390,-3.840,4.600
5.390,-3.840,4.600
5.390,-3.840,4.600
3.280,-3.910,3.350
3.280,-3.910,3.350
3.280,-3.910,3.350
2.350,-4.150,3.070
2.140,-4.260,3.020
2.140,-4.260,3.020
1.990,-4.360,3.000
1.990,-4.360,3.000
1.910,-4.440,3.000
1.910,-4.440,3.000
1.880,-4.490,3.020
1.880,-4.490,3.020
1.960,-4.540,3.030
1.960,-4.540,3.030
2.020,-4.550,3.030
2.020,-4.550,3.030
2.050,-4.570,3.000
2.050,-4.630,2.970
2.050,-4.630,2.970
2.050,-4.630,2.970
1.950,-5.060,3.110
1.950,-5.060,3.110
1.900,-5.270,3.400
1.880,-5.530,4.020
1.880,-5.530,4.020
2.160,-6.180,7.200
2.160,-6.180,7.200
2.160,-6.180,7.200
2.790,-7.190,14.600
3.010,-7.870,20.250
3.010,-7.870,20.250
3.170,-8.570,27.180
3.380,-9.000,35.250
3.730,-8.930,44.000
3.730,-8.930,44.000
4.160,-8.230,52.810
4.160,-8.230,52.810
4.390,-7.140,61.190
4.390,-7.140,61.190
3.440,-5.440,75.090
3.440,-5.440,75.090
2.420,-4.900,80.040
2.420,-4.900,80.040
2.420,-4.900,80.040
2.420,-4.900,80.040
-0.540,-3.200,87.700
-0.750,-2.530,88.730
-0.700,-1.950,89.400
-0.700,-1.950,89.400
-0.700,-1.950,89.400
-0.390,-1.450,90.150
-0.450,-1.490,90.080
-0.450,-1.490,90.080
-0.540,-1.540,89.910
-0.540,-1.540,89.910
-0.620,-1.570,89.510
-0.600,-1.590,89.340
-0.600,-1.590,89.340
-0.540,-1.640,89.200
-0.540,-1.640,89.200
-0.460,-1.730,89.060
-0.400,-1.850,88.920
-0.360,-1.980,88.760
-0.360,-1.980,88.760
-0.350,-2.260,88.390
-0.350,-2.260,88.390
-0.350,-2.260,88.390
-0.390,-2.420,87.960
-0.390,-2.420,87.960
-0.560,-2.490,87.520
-0.560,-2.490,87.520
-0.560,-2.490,87.520
-0.560,-2.490,87.520
-1.030,-2.660,87.310
-1.030,-2.660,87.310
-1.030,-2.660,87.310
-1.720,-3.250,87.110
-1.720,-3.250,87.110
-2.610,-4.140,86.830
-2.610,-4.140,86.830
-2.610,-4.140,86.830
-3.060,-4.290,86.830
-3.060,-4.290,86.830
-3.060,-4.290,86.830
-3.460,-3.960,86.820
-3.460,-3.960,86.820
-3.460,-3.960,86.820
-3.460,-3.960,86.820
-3.460,-3.960,86.820
-5.220,-2.840,86.940
-5.330,-2.740,87.060
-5.310,-2.650,87.240
-5.310,-2.650,87.240
-5.310,-2.650,87.240
-5.310,-2.650,87.240
-5.310,-2.650,87.240
-4.790,-2.540,88.130
-4.740,-2.540,88.440
-4.770,-2.540,88.760
-4.830,-2.590,89.140
-4.830,-2.590,89.140
-4.850,-2.690,89.550
-4.850,-2.690,89.550
-4.830,-2.780,89.960
-4.830,-2.780,89.960
-4.700,-2.820,91.090
-4.700,-2.820,91.090
-4.700,-2.820,91.090
-4.660,-2.780,91.700
-4.660,-2.780,91.700
-4.660,-2.780,91.700
-4.650,-2.610,92.560
-4.650,-2.610,92.560
-4.600,-2.410,93.120
-4.600,-2.410,93.120
-4.600,-2.410,93.120
-4.600,-2.410,93.120
-4.600,-2.410,93.120
-4.600,-2.410,93.120
-4.080,-1.750,96.000
-4.070,-1.740,96.410
-4.070,-1.740,96.410
-4.100,-1.760,96.720
-4.100,-1.760,96.720
-4.300,-1.870,97.200
-4.300,-1.870,97.200
-4.360,-1.970,97.450
-4.340,-2.070,97.690
-4.340,-2.070,97.690
-4.340,-2.070,97.690
-4.280,-2.220,98.040
-4.280,-2.220,98.040
-4.320,-2.360,97.920
-4.320,-2.360,97.920
-4.600,-2.560,97.790
-4.600,-2.560,97.790
-4.600,-2.560,97.790
-4.600,-2.560,97.790
-4.950,-3.220,97.630
-4.930,-3.520,97.580
-4.930,-3.520,97.580
-4.930,-3.520,97.580
-4.930,-3.960,97.440
-4.930,-3.960,97.440
-4.970,-3.940,97.260
-4.970,-3.940,97.260
-5.010,-3.580,96.560
-5.010,-3.580,96.560
-4.930,-3.410,96.110
-4.930,-3.410,96.110
-4.930,-3.410,96.110
-3.740,-2.430,94.030
-3.740,-2.430,94.030
-3.070,-1.840,93.370
-3.070,-1.840,93.370
-0.370,-0.090,91.750
-0.330,0.110,91.100
-0.330,0.110,91.100
-0.130,-0.020,90.720
-0.200,0.140,90.570
-0.200,0.140,90.570
-0.200,0.140,90.570
-0.570,0.310,90.420
-0.530,0.360,90.380
-0.530,0.360,90.380
-0.530,0.360,90.380
-0.400,0.410,90.400
-0.400,0.410,90.400
-0.400,0.410,90.400
-0.400,0.410,90.400
-0.400,0.410,90.400
-0.410,0.390,90.580
-0.400,0.390,90.610
-0.400,0.390,90.610
-0.430,0.390,90.640
-0.490,0.390,90.670
-0.490,0.390,90.670
-0.510,0.380,90.730
-0.510,0.380,90.730
-0.450,0.380,90.800
-0.460,0.380,90.840
-0.460,0.380,90.840
-0.460,0.380,90.840
-0.510,0.380,90.930
-0.490,0.380,90.970
-0.490,0.380,90.970
-0.470,0.380,90.990
-0.490,0.380,91.030
-0.490,0.380,91.030
-0.490,0.380,91.030
-0.510,0.380,91.120
-0.510,0.380,91.120
-0.490,0.380,91.150
-0.490,0.380,91.150
-0.490,0.380,91.150
-0.520,0.380,91.240
-0.520,0.380,91.240
-0.520,0.380,91.240
-0.510,0.380,91.280
-0.510,0.380,91.280
-0.530,0.370,91.340
-0.520,0.370,91.360
-0.520,0.370,91.360
-0.520,0.370,91.390
-0.520,0.370,91.410
-0.520,0.370,91.410
-0.530,0.370,91.440
-0.530,0.370,91.470
-0.530,0.370,91.470
-0.530,0.370,91.470
-0.530,0.370,91.530
-0.540,0.370,91.550
-0.540,0.370,91.550
-0.540,0.380,91.650
-0.540,0.380,91.670
-0.540,0.380,91.690
-0.550,0.380,91.720
-0.550,0.380,91.720
-0.540,0.390,91.750
-0.550,0.390,91.770
-0.550,0.390,91.770
-0.550,0.390,91.820
-0.550,0.390,91.820
-0.550,0.390,91.840
-0.560,0.380,91.860
-0.560,0.390,91.880
-0.560,0.390,91.880
-0.560,0.390,91.880
-0.560,0.390,91.930
-0.560,0.390,91.950
-0.560,0.390,91.950
-0.570,0.390,92.000
-0.570,0.390,92.000
-0.570,0.390,92.000
-0.570,0.390,92.070
-0.570,0.390,92.070
-0.580,0.390,92.090
-0.580,0.390,92.090
-0.580,0.390,92.090
-0.580,0.390,92.130
-0.580,0.390,92.130
-0.580,0.390,92.130
-0.580,0.400,92.170
-0.580,0.400,92.170
-0.590,0.410,92.230
-0.590,0.410,92.230
-0.590,0.410,92.230
-0.590,0.410,92.230
